reference_designator,start_depth,end_depth,location
CE01ISSM-MFD35-01-VEL3DD000,25,25,Multi-Function Node
CE01ISSM-MFD35-02-PRESFA000,25,25,Multi-Function Node
CE01ISSM-MFD35-04-ADCPTM000,25,25,Multi-Function Node
CE01ISSM-MFD35-05-PCO2WB000,25,25,Multi-Function Node
CE01ISSM-MFD35-06-PHSEND000,25,25,Multi-Function Node
CE01ISSM-MFD37-01-OPTAAD000,25,25,Multi-Function Node
CE01ISSM-MFD37-03-CTDBPC000,25,25,Multi-Function Node
CE01ISSM-MFD37-04-DOSTAD000,25,25,Multi-Function Node
CE01ISSM-MFD37-06-CAMDSA000,25,25,Multi-Function Node
CE01ISSM-MFD37-07-ZPLSCC000,25,25,Multi-Function Node
CE01ISSM-RID16-01-OPTAAD000,7,7,Near Surface Instrument Frame
CE01ISSM-RID16-02-FLORTD000,7,7,Near Surface Instrument Frame
CE01ISSM-RID16-03-CTDBPC000,7,7,Near Surface Instrument Frame
CE01ISSM-RID16-03-DOSTAD000,7,7,Near Surface Instrument Frame
CE01ISSM-RID16-04-VELPTA000,7,7,Near Surface Instrument Frame
CE01ISSM-RID16-05-PCO2WB000,7,7,Near Surface Instrument Frame
CE01ISSM-RID16-06-PHSEND000,7,7,Near Surface Instrument Frame
CE01ISSM-RID16-07-NUTNRB000,7,7,Near Surface Instrument Frame
CE01ISSM-RID16-08-SPKIRB000,7,7,Near Surface Instrument Frame
CE01ISSM-SBD17-01-MOPAK0000,0,0,"Buoy Well, center of Mass"
CE01ISSM-SBD17-04-VELPTA000,1,1,Bottom of Buoy
CE01ISSM-SBD17-05-ACOMM0000,1,1,Bottom of Buoy
CE01ISSP-PL001-01-ACOMM0000,0,25,Surface Piercing Profiler
CE01ISSP-SP001-02-DOSTAJ000,0,25,Surface Piercing Profiler
CE01ISSP-SP001-04-OPTAAJ000,0,25,Surface Piercing Profiler
CE01ISSP-SP001-05-VELPTJ000,0,25,Surface Piercing Profiler
CE01ISSP-SP001-06-NUTNRJ000,0,25,Surface Piercing Profiler
CE01ISSP-SP001-07-SPKIRJ000,0,25,Surface Piercing Profiler
CE01ISSP-SP001-08-FLORTJ000,0,25,Surface Piercing Profiler
CE01ISSP-SP001-09-CTDPFJ000,0,25,Surface Piercing Profiler
CE01ISSP-SP001-10-PARADJ000,0,25,Surface Piercing Profiler
CE02SHBP-LJ01D-05-ADCPTB104,80,80,Low-Power JBox
CE02SHBP-LJ01D-06-CTDBPN106,80,80,Low-Power JBox
CE02SHBP-LJ01D-06-DOSTAD106,80,80,Low-Power JBox
CE02SHBP-LJ01D-07-VEL3DC108,80,80,Low-Power JBox
CE02SHBP-LJ01D-08-OPTAAD106,80,80,Low-Power JBox
CE02SHBP-LJ01D-09-PCO2WB103,80,80,Low-Power JBox
CE02SHBP-LJ01D-10-PHSEND103,80,80,Low-Power JBox
CE02SHBP-LJ01D-11-HYDBBA106,80,80,Low-Power JBox
CE02SHBP-MJ01C-07-ZPLSCB101,80,80,Medium-Power Jbox
CE02SHBP-MJ01C-08-CAMDSB107,80,80,Medium-Power Jbox
CE02SHSM-RID26-01-ADCPTA000,7,7,Near Surface Instrument Frame
CE02SHSM-RID26-04-VELPTA000,7,7,Near Surface Instrument Frame
CE02SHSM-RID26-05-ACOMM0000,7,7,Near Surface Instrument Frame
CE02SHSM-RID26-06-PHSEND000,7,7,Near Surface Instrument Frame
CE02SHSM-RID26-07-NUTNRB000,7,7,Near Surface Instrument Frame
CE02SHSM-RID26-08-SPKIRB000,7,7,Near Surface Instrument Frame
CE02SHSM-RID27-01-OPTAAD000,7,7,Near Surface Instrument Frame
CE02SHSM-RID27-02-FLORTD000,7,7,Near Surface Instrument Frame
CE02SHSM-RID27-03-CTDBPC000,7,7,Near Surface Instrument Frame
CE02SHSM-RID27-04-DOSTAD000,7,7,Near Surface Instrument Frame
CE02SHSM-SBD11-01-MOPAK0000,0,0,"Buoy Well, center of Mass"
CE02SHSM-SBD11-02-HYDGN0000,0,0,Buoy Well
CE02SHSM-SBD11-04-VELPTA000,1,1,Bottom of Buoy
CE02SHSM-SBD11-06-METBKA000,0,0,Buoy Tower
CE02SHSM-SBD12-03-HYDGN0000,0,0,Buoy Well
CE02SHSM-SBD12-04-PCO2AA000,0,0,"Buoy Well (1 probe in air, 1 probe in water)"
CE02SHSM-SBD12-05-WAVSSA000,0,0,"Buoy Well, center of Mass"
CE02SHSM-SBD12-08-FDCHPA000,-3,-3,Buoy Tower
CE02SHSP-SP001-01-CTDPFJ000,0,80,Surface Piercing Profiler
CE02SHSP-SP001-01-DOSTAJ000,0,80,Surface Piercing Profiler
CE02SHSP-SP001-02-VELPTJ000,0,80,Surface Piercing Profiler
CE02SHSP-SP001-04-OPTAAJ000,0,80,Surface Piercing Profiler
CE02SHSP-SP001-05-NUTNRJ000,0,80,Surface Piercing Profiler
CE02SHSP-SP001-06-SPKIRJ000,0,80,Surface Piercing Profiler
CE02SHSP-SP001-07-FLORTJ000,0,80,Surface Piercing Profiler
CE02SHSP-SP001-08-PARADJ000,0,80,Surface Piercing Profiler
CE04OSBP-LJ01C-05-ADCPSI103,580,580,Low-Power JBox
CE04OSBP-LJ01C-06-CTDBPO108,580,580,Low-Power JBox
CE04OSBP-LJ01C-06-DOSTAD108,580,580,Low-Power JBox
CE04OSBP-LJ01C-07-VEL3DC107,580,580,Low-Power JBox
CE04OSBP-LJ01C-08-OPTAAC104,580,580,Low-Power JBox
CE04OSBP-LJ01C-09-PCO2WB104,580,580,Low-Power JBox
CE04OSBP-LJ01C-10-PHSEND107,580,580,Low-Power JBox
CE04OSBP-LJ01C-11-HYDBBA105,580,580,Low-Power JBox
CE04OSBP-LV01C-06-CAMDSB106,580,580,Low-Voltage Node
CE04OSPD-DP01B-01-CTDPFL105,175,500,Deep Profiler
CE04OSPD-DP01B-02-VEL3DA105,175,500,Deep Profiler
CE04OSPD-DP01B-04-FLCDRA103,175,500,Deep Profiler
CE04OSPD-DP01B-04-FLNTUA103,175,500,Deep Profiler
CE04OSPD-DP01B-06-DOSTAD105,175,500,Deep Profiler
CE04OSPS-PC01B-05-ZPLSCB102,200,200,Mid-Water Platform
CE04OSPS-PC01B-4A-CTDPFA109,200,200,Mid-Water Platform
CE04OSPS-PC01B-4A-DOSTAD109,200,200,Mid-Water Platform
CE04OSPS-PC01B-4B-PHSENA106,200,200,Mid-Water Platform
CE04OSPS-PC01B-4C-PCO2WA105,200,200,Mid-Water Platform
CE04OSPS-SF01B-2A-CTDPFA107,20,200,Shallow Profiler
CE04OSPS-SF01B-2A-DOFSTA107,20,200,Shallow Profiler
CE04OSPS-SF01B-2B-PHSENA108,20,200,Shallow Profiler
CE04OSPS-SF01B-3A-FLORTD104,20,200,Shallow Profiler
CE04OSPS-SF01B-3B-OPTAAD105,20,200,Shallow Profiler
CE04OSPS-SF01B-3C-PARADA102,20,200,Shallow Profiler
CE04OSPS-SF01B-3D-SPKIRA102,20,200,Shallow Profiler
CE04OSPS-SF01B-4A-NUTNRA102,20,200,Shallow Profiler
CE04OSPS-SF01B-4B-VELPTD106,20,200,Shallow Profiler
CE04OSPS-SF01B-4F-PCO2WA102,20,200,Shallow Profiler
CE04OSSM-RID26-01-ADCPTC000,7,7,Near Surface Instrument Frame
CE04OSSM-RID26-04-VELPTA000,7,7,Near Surface Instrument Frame
CE04OSSM-RID26-05-ACOMM0000,7,7,Near Surface Instrument Frame
CE04OSSM-RID26-06-PHSEND000,7,7,Near Surface Instrument Frame
CE04OSSM-RID26-07-NUTNRB000,7,7,Near Surface Instrument Frame
CE04OSSM-RID26-08-SPKIRB000,7,7,Near Surface Instrument Frame
CE04OSSM-RID27-01-OPTAAD000,7,7,Near Surface Instrument Frame
CE04OSSM-RID27-02-FLORTD000,7,7,Near Surface Instrument Frame
CE04OSSM-RID27-03-CTDBPC000,7,7,Near Surface Instrument Frame
CE04OSSM-RID27-04-DOSTAD000,7,7,Near Surface Instrument Frame
CE04OSSM-SBD11-01-MOPAK0000,0,0,"Buoy Well, center of Mass"
CE04OSSM-SBD11-02-HYDGN0000,0,0,Buoy Well
CE04OSSM-SBD11-04-VELPTA000,1,1,Bottom of Buoy
CE04OSSM-SBD11-06-METBKA000,-3,-3,Buoy Tower
CE04OSSM-SBD12-03-HYDGN0000,0,0,Buoy Well
CE04OSSM-SBD12-04-PCO2AA000,0,0,"Buoy Well (1 probe in air, 1 probe in water)"
CE04OSSM-SBD12-05-WAVSSA000,0,0,"Buoy Well, center of Mass"
CE05MOAS-GL001-01-PARADM000,0,1000,Glider Science Bay
CE05MOAS-GL001-02-FLORTM000,0,1000,Glider Science Bay
CE05MOAS-GL001-03-ADCPAM000,0,1000,Glider Science Bay
CE05MOAS-GL001-04-DOSTAM000,0,1000,Glider Science Bay
CE05MOAS-GL001-05-CTDGVM000,0,1000,Glider Science Bay
CE05MOAS-GL002-01-PARADM000,0,1000,Glider Science Bay
CE05MOAS-GL002-02-FLORTM000,0,1000,Glider Science Bay
CE05MOAS-GL002-03-ADCPAM000,0,1000,Glider Science Bay
CE05MOAS-GL002-04-DOSTAM000,0,1000,Glider Science Bay
CE05MOAS-GL002-05-CTDGVM000,0,1000,Glider Science Bay
CE05MOAS-GL003-01-PARADM000,0,1000,Glider Science Bay
CE05MOAS-GL003-02-FLORTM000,0,1000,Glider Science Bay
CE05MOAS-GL003-03-ADCPAM000,0,1000,Glider Science Bay
CE05MOAS-GL003-04-DOSTAM000,0,1000,Glider Science Bay
CE05MOAS-GL003-05-CTDGVM000,0,1000,Glider Science Bay
CE05MOAS-GL004-01-PARADM000,0,1000,Glider Science Bay
CE05MOAS-GL004-02-FLORTM000,0,1000,Glider Science Bay
CE05MOAS-GL004-03-ADCPAM000,0,1000,Glider Science Bay
CE05MOAS-GL004-04-DOSTAM000,0,1000,Glider Science Bay
CE05MOAS-GL004-05-CTDGVM000,0,1000,Glider Science Bay
CE05MOAS-GL005-01-PARADM000,0,1000,Glider Science Bay
CE05MOAS-GL005-02-FLORTM000,0,1000,Glider Science Bay
CE05MOAS-GL005-03-ADCPAM000,0,1000,Glider Science Bay
CE05MOAS-GL005-04-DOSTAM000,0,1000,Glider Science Bay
CE05MOAS-GL005-05-CTDGVM000,0,1000,Glider Science Bay
CE05MOAS-GL006-01-PARADM000,0,1000,Glider Science Bay
CE05MOAS-GL006-02-FLORTM000,0,1000,Glider Science Bay
CE05MOAS-GL006-03-ADCPAM000,0,1000,Glider Science Bay
CE05MOAS-GL006-04-DOSTAM000,0,1000,Glider Science Bay
CE05MOAS-GL006-05-CTDGVM000,0,1000,Glider Science Bay
CE06ISSM-MFD35-01-VEL3DD000,29,29,Multi-Function Node
CE06ISSM-MFD35-02-PRESFA000,29,29,Multi-Function Node
CE06ISSM-MFD35-04-ADCPTM000,29,29,Multi-Function Node
CE06ISSM-MFD35-05-PCO2WB000,29,29,Multi-Function Node
CE06ISSM-MFD35-06-PHSEND000,29,29,Multi-Function Node
CE06ISSM-MFD37-01-OPTAAD000,29,29,Multi-Function Node
CE06ISSM-MFD37-03-CTDBPC000,29,29,Multi-Function Node
CE06ISSM-MFD37-04-DOSTAD000,29,29,Multi-Function Node
CE06ISSM-MFD37-06-CAMDSA000,29,29,Multi-Function Node
CE06ISSM-MFD37-07-ZPLSCC000,29,29,Multi-Function Node
CE06ISSM-RID16-01-OPTAAD000,7,7,Near Surface Instrument Frame
CE06ISSM-RID16-02-FLORTD000,7,7,Near Surface Instrument Frame
CE06ISSM-RID16-03-CTDBPC000,7,7,Near Surface Instrument Frame
CE06ISSM-RID16-03-DOSTAD000,7,7,Near Surface Instrument Frame
CE06ISSM-RID16-04-VELPTA000,7,7,Near Surface Instrument Frame
CE06ISSM-RID16-05-PCO2WB000,7,7,Near Surface Instrument Frame
CE06ISSM-RID16-06-PHSEND000,7,7,Near Surface Instrument Frame
CE06ISSM-RID16-07-NUTNRB000,7,7,Near Surface Instrument Frame
CE06ISSM-RID16-08-SPKIRB000,7,7,Near Surface Instrument Frame
CE06ISSM-SBD17-01-MOPAK0000,0,0,"Buoy Well, center of Mass"
CE06ISSM-SBD17-04-VELPTA000,1,1,Bottom of Buoy
CE06ISSM-SBD17-05-ACOMM0000,1,1,Bottom of Buoy
CE06ISSP-PL001-01-ACOMM0000,0,29,Surface Piercing Profiler
CE06ISSP-SP001-02-DOSTAJ000,0,29,Surface Piercing Profiler
CE06ISSP-SP001-04-OPTAAJ000,0,29,Surface Piercing Profiler
CE06ISSP-SP001-05-VELPTJ000,0,29,Surface Piercing Profiler
CE06ISSP-SP001-06-NUTNRJ000,0,29,Surface Piercing Profiler
CE06ISSP-SP001-07-SPKIRJ000,0,29,Surface Piercing Profiler
CE06ISSP-SP001-08-FLORTJ000,0,29,Surface Piercing Profiler
CE06ISSP-SP001-09-CTDPFJ000,0,29,Surface Piercing Profiler
CE06ISSP-SP001-10-PARADJ000,0,29,Surface Piercing Profiler
CE07SHSM-MFD35-01-VEL3DD000,87,87,Multi-Function Node
CE07SHSM-MFD35-02-PRESFB000,87,87,Multi-Function Node
CE07SHSM-MFD35-04-ADCPTC000,87,87,Multi-Function Node
CE07SHSM-MFD35-05-PCO2WB000,87,87,Multi-Function Node
CE07SHSM-MFD35-06-PHSEND000,87,87,Multi-Function Node
CE07SHSM-MFD37-01-OPTAAD000,87,87,Multi-Function Node
CE07SHSM-MFD37-03-CTDBPC000,87,87,Multi-Function Node
CE07SHSM-MFD37-04-DOSTAD000,87,87,Multi-Function Node
CE07SHSM-MFD37-06-CAMDSA000,87,87,Multi-Function Node
CE07SHSM-MFD37-07-ZPLSCC000,87,87,Multi-Function Node
CE07SHSM-RID26-01-ADCPTA000,7,7,Near Surface Instrument Frame
CE07SHSM-RID26-04-VELPTA000,7,7,Near Surface Instrument Frame
CE07SHSM-RID26-05-ACOMM0000,7,7,Near Surface Instrument Frame
CE07SHSM-RID26-06-PHSEND000,7,7,Near Surface Instrument Frame
CE07SHSM-RID26-07-NUTNRB000,7,7,Near Surface Instrument Frame
CE07SHSM-RID26-08-SPKIRB000,7,7,Near Surface Instrument Frame
CE07SHSM-RID27-01-OPTAAD000,7,7,Near Surface Instrument Frame
CE07SHSM-RID27-02-FLORTD000,7,7,Near Surface Instrument Frame
CE07SHSM-RID27-03-CTDBPC000,7,7,Near Surface Instrument Frame
CE07SHSM-RID27-04-DOSTAD000,7,7,Near Surface Instrument Frame
CE07SHSM-SBD11-01-MOPAK0000,0,0,"Buoy Well, center of Mass"
CE07SHSM-SBD11-02-HYDGN0000,0,0,Buoy Well
CE07SHSM-SBD11-04-PCO2AA000,0,0,"Buoy Well (1 probe in air, 1 probe in water)"
CE07SHSM-SBD11-06-METBKA000,-3,-3,Buoy Tower
CE07SHSM-SBD12-03-HYDGN0000,0,0,Buoy Well
CE07SHSM-SBD12-04-VELPTA000,1,1,Bottom of Buoy
CE07SHSM-SBD12-05-WAVSSA000,0,0,"Buoy Well, center of Mass"
CE07SHSP-PL001-01-ACOMM0000,0,87,Surface Piercing Profiler
CE07SHSP-SP001-01-DOSTAJ000,0,87,Surface Piercing Profiler
CE07SHSP-SP001-02-VELPTJ000,0,87,Surface Piercing Profiler
CE07SHSP-SP001-04-OPTAAJ000,0,87,Surface Piercing Profiler
CE07SHSP-SP001-05-NUTNRJ000,0,87,Surface Piercing Profiler
CE07SHSP-SP001-06-SPKIRJ000,0,87,Surface Piercing Profiler
CE07SHSP-SP001-07-FLORTJ000,0,87,Surface Piercing Profiler
CE07SHSP-SP001-08-CTDPFJ000,0,87,Surface Piercing Profiler
CE07SHSP-SP001-09-PARADJ000,0,87,Surface Piercing Profiler
CE09OSPM-WF001-01-VEL3DK000,15,540,Wire Following Profiler Body
CE09OSPM-WF001-02-DOFSTK000,15,540,Wire Following Profiler Body
CE09OSPM-WF001-03-CTDPFK000,15,540,Wire Following Profiler Body
CE09OSPM-WF001-04-FLORTK000,15,540,Wire Following Profiler Body
CE09OSPM-WF001-05-PARADK000,15,540,Wire Following Profiler Body
CE09OSSM-MFD35-01-VEL3DD000,540,540,Multi-Function Node
CE09OSSM-MFD35-02-PRESFC000,540,540,Multi-Function Node
CE09OSSM-MFD35-04-ADCPSJ000,540,540,Multi-Function Node
CE09OSSM-MFD35-05-PCO2WB000,540,540,Multi-Function Node
CE09OSSM-MFD35-06-PHSEND000,540,540,Multi-Function Node
CE09OSSM-MFD37-01-OPTAAC000,540,540,Multi-Function Node
CE09OSSM-MFD37-03-CTDBPE000,540,540,Multi-Function Node
CE09OSSM-MFD37-04-DOSTAD000,540,540,Multi-Function Node
CE09OSSM-MFD37-06-CAMDSA000,540,540,Multi-Function Node
CE09OSSM-MFD37-07-ZPLSCC000,540,540,Multi-Function Node
CE09OSSM-RID26-01-ADCPTC000,7,7,Near Surface Instrument Frame
CE09OSSM-RID26-04-VELPTA000,7,7,Near Surface Instrument Frame
CE09OSSM-RID26-05-ACOMM0000,7,7,Near Surface Instrument Frame
CE09OSSM-RID26-06-PHSEND000,7,7,Near Surface Instrument Frame
CE09OSSM-RID26-07-NUTNRB000,7,7,Near Surface Instrument Frame
CE09OSSM-RID26-08-SPKIRB000,7,7,Near Surface Instrument Frame
CE09OSSM-RID27-01-OPTAAD000,7,7,Near Surface Instrument Frame
CE09OSSM-RID27-02-FLORTD000,7,7,Near Surface Instrument Frame
CE09OSSM-RID27-03-CTDBPC000,7,7,Near Surface Instrument Frame
CE09OSSM-RID27-04-DOSTAD000,7,7,Near Surface Instrument Frame
CE09OSSM-SBD11-01-MOPAK0000,0,0,"Buoy Well, center of Mass"
CE09OSSM-SBD11-02-HYDGN0000,0,0,Buoy Well
CE09OSSM-SBD11-04-VELPTA000,1,1,Bottom of Buoy
CE09OSSM-SBD11-06-METBKA000,-3,-3,Buoy Tower
CE09OSSM-SBD12-03-HYDGN0000,0,0,Buoy Well
CE09OSSM-SBD12-04-PCO2AA000,0,0,"Buoy Well (1 probe in air, 1 probe in water)"
CE09OSSM-SBD12-05-WAVSSA000,0,0,"Buoy Well, center of Mass"
CP01CNSM-MFD35-01-ADCPTF000,133,133,Multi-Function Node
CP01CNSM-MFD35-02-PRESFB000,133,133,Multi-Function Node
CP01CNSM-MFD35-04-VELPTA000,133,133,Multi-Function Node
CP01CNSM-MFD35-05-PCO2WB000,133,133,Multi-Function Node
CP01CNSM-MFD35-06-PHSEND000,133,133,Multi-Function Node
CP01CNSM-MFD37-01-OPTAAD000,133,133,Multi-Function Node
CP01CNSM-MFD37-03-CTDBPD000,133,133,Multi-Function Node
CP01CNSM-MFD37-04-DOSTAD000,133,133,Multi-Function Node
CP01CNSM-MFD37-07-ZPLSCC000,133,133,Multi-Function Node
CP01CNSM-RID26-04-VELPTA000,7,7,Near Surface Instrument Frame
CP01CNSM-RID26-05-ACOMM0000,7,7,Near Surface Instrument Frame
CP01CNSM-RID26-06-PHSEND000,7,7,Near Surface Instrument Frame
CP01CNSM-RID26-07-NUTNRB000,7,7,Near Surface Instrument Frame
CP01CNSM-RID26-08-SPKIRB000,7,7,Near Surface Instrument Frame
CP01CNSM-RID27-01-OPTAAD000,7,7,Near Surface Instrument Frame
CP01CNSM-RID27-02-FLORTD000,7,7,Near Surface Instrument Frame
CP01CNSM-RID27-03-CTDBPC000,7,7,Near Surface Instrument Frame
CP01CNSM-RID27-04-DOSTAD000,7,7,Near Surface Instrument Frame
CP01CNSM-SBD11-01-MOPAK0000,0,0,"Buoy Well, center of Mass"
CP01CNSM-SBD11-02-HYDGN0000,0,0,Buoy Well
CP01CNSM-SBD11-06-METBKA000,-3,-3,Buoy Tower
CP01CNSM-SBD12-03-HYDGN0000,0,0,Buoy Well
CP01CNSM-SBD12-04-PCO2AA000,0,0,"Buoy Well (1 probe in air, 1 probe in water)"
CP01CNSM-SBD12-05-WAVSSA000,0,0,"Buoy Well, center of Mass"
CP01CNSM-SBD12-06-METBKA000,-3,-3,Buoy Tower
CP01CNSM-SBD12-08-FDCHPA000,-3,-3,Buoy Tower
CP01CNSP-PL001-01-ACOMM0000,0,100,Surface Piercing Profiler
CP01CNSP-SP001-02-OPTAAJ000,0,100,Surface Piercing Profiler
CP01CNSP-SP001-03-NUTNRJ000,0,100,Surface Piercing Profiler
CP01CNSP-SP001-05-VELPTJ000,0,100,Surface Piercing Profiler
CP01CNSP-SP001-06-DOSTAJ000,0,100,Surface Piercing Profiler
CP01CNSP-SP001-07-SPKIRJ000,0,100,Surface Piercing Profiler
CP01CNSP-SP001-08-CTDPFJ000,0,100,Surface Piercing Profiler
CP01CNSP-SP001-09-FLORTJ000,0,100,Surface Piercing Profiler
CP01CNSP-SP001-10-PARADJ000,0,100,Surface Piercing Profiler
CP02PMCI-RII01-02-ADCPTG010,104,104,Sensor cage
CP02PMCI-SBS01-01-MOPAK0000,0,0,"Buoy Well, center of Mass"
CP02PMCI-WFP01-01-VEL3DK000,15,104,Wire Following Profiler Body
CP02PMCI-WFP01-02-DOFSTK000,15,104,Wire Following Profiler Body
CP02PMCI-WFP01-03-CTDPFK000,15,104,Wire Following Profiler Body
CP02PMCI-WFP01-04-FLORTK000,15,104,Wire Following Profiler Body
CP02PMCI-WFP01-05-PARADK000,15,104,Wire Following Profiler Body
CP02PMCO-RII01-02-ADCPTG010,125,125,Sensor cage
CP02PMCO-SBS01-01-MOPAK0000,0,0,"Buoy Well, center of Mass"
CP02PMCO-WFP01-01-VEL3DK000,15,125,Wire Following Profiler Body
CP02PMCO-WFP01-02-DOFSTK000,15,125,Wire Following Profiler Body
CP02PMCO-WFP01-03-CTDPFK000,15,125,Wire Following Profiler Body
CP02PMCO-WFP01-04-FLORTK000,15,125,Wire Following Profiler Body
CP02PMCO-WFP01-05-PARADK000,15,125,Wire Following Profiler Body
CP02PMUI-RII01-02-ADCPTG010,70,70,Sensor cage
CP02PMUI-SBS01-01-MOPAK0000,0,0,"Buoy Well, center of Mass"
CP02PMUI-WFP01-01-VEL3DK000,15,70,Wire Following Profiler Body
CP02PMUI-WFP01-02-DOFSTK000,15,70,Wire Following Profiler Body
CP02PMUI-WFP01-03-CTDPFK000,15,70,Wire Following Profiler Body
CP02PMUI-WFP01-04-FLORTK000,15,70,Wire Following Profiler Body
CP02PMUI-WFP01-05-PARADK000,15,70,Wire Following Profiler Body
CP02PMUO-RII01-02-ADCPSL010,425,425,Sensor cage
CP02PMUO-SBS01-01-MOPAK0000,0,0,"Buoy Well, center of Mass"
CP02PMUO-WFP01-01-VEL3DK000,20,425,Wire Following Profiler Body
CP02PMUO-WFP01-02-DOFSTK000,20,425,Wire Following Profiler Body
CP02PMUO-WFP01-03-CTDPFK000,20,425,Wire Following Profiler Body
CP02PMUO-WFP01-04-FLORTK000,20,425,Wire Following Profiler Body
CP02PMUO-WFP01-05-PARADK000,20,425,Wire Following Profiler Body
CP03ISSM-MFD35-01-ADCPTF000,91.5,91.5,Multi-Function Node
CP03ISSM-MFD35-02-PRESFB000,91.5,91.5,Multi-Function Node
CP03ISSM-MFD35-04-VELPTA000,91.5,91.5,Multi-Function Node
CP03ISSM-MFD35-05-PCO2WB000,91.5,91.5,Multi-Function Node
CP03ISSM-MFD35-06-PHSEND000,91.5,91.5,Multi-Function Node
CP03ISSM-MFD37-01-OPTAAD000,91.5,91.5,Multi-Function Node
CP03ISSM-MFD37-03-CTDBPD000,91.5,91.5,Multi-Function Node
CP03ISSM-MFD37-04-DOSTAD000,91.5,91.5,Multi-Function Node
CP03ISSM-MFD37-07-ZPLSCC000,91.5,91.5,Multi-Function Node
CP03ISSM-RID26-04-VELPTA000,7,7,Near Surface Instrument Frame
CP03ISSM-RID26-05-ACOMM0000,7,7,Near Surface Instrument Frame
CP03ISSM-RID26-06-PHSEND000,7,7,Near Surface Instrument Frame
CP03ISSM-RID26-07-NUTNRB000,7,7,Near Surface Instrument Frame
CP03ISSM-RID26-08-SPKIRB000,7,7,Near Surface Instrument Frame
CP03ISSM-RID27-01-OPTAAD000,7,7,Near Surface Instrument Frame
CP03ISSM-RID27-02-FLORTD000,7,7,Near Surface Instrument Frame
CP03ISSM-RID27-03-CTDBPC000,7,7,Near Surface Instrument Frame
CP03ISSM-RID27-04-DOSTAD000,7,7,Near Surface Instrument Frame
CP03ISSM-SBD11-01-MOPAK0000,0,0,"Buoy Well, center of Mass"
CP03ISSM-SBD11-02-HYDGN0000,0,0,Buoy Well
CP03ISSM-SBD11-06-METBKA000,-3,-3,Buoy Tower
CP03ISSM-SBD12-03-HYDGN0000,0,0,Buoy Well
CP03ISSM-SBD12-04-PCO2AA000,0,0,"Buoy Well (1 probe in air, 1 probe in water)"
CP03ISSP-PL001-01-ACOMM0000,0,80,Surface Piercing Profiler
CP03ISSP-SP001-02-OPTAAJ000,0,80,Surface Piercing Profiler
CP03ISSP-SP001-03-NUTNRJ000,0,80,Surface Piercing Profiler
CP03ISSP-SP001-05-VELPTJ000,0,80,Surface Piercing Profiler
CP03ISSP-SP001-06-DOSTAJ000,0,80,Surface Piercing Profiler
CP03ISSP-SP001-07-SPKIRJ000,0,80,Surface Piercing Profiler
CP03ISSP-SP001-08-CTDPFJ000,0,80,Surface Piercing Profiler
CP03ISSP-SP001-09-FLORTJ000,0,80,Surface Piercing Profiler
CP03ISSP-SP001-10-PARADJ000,0,80,Surface Piercing Profiler
CP04OSPM-SBS11-02-MOPAK0000,0,0,"Buoy Well, center of Mass"
CP04OSPM-WFP01-01-VEL3DK000,15,427,Wire Following Profiler Body
CP04OSPM-WFP01-02-DOFSTK000,15,427,Wire Following Profiler Body
CP04OSPM-WFP01-03-CTDPFK000,15,427,Wire Following Profiler Body
CP04OSPM-WFP01-04-FLORTK000,15,427,Wire Following Profiler Body
CP04OSPM-WFP01-05-PARADK000,15,427,Wire Following Profiler Body
CP04OSSM-MFD35-01-ADCPSJ000,450,450,Multi-Function Node
CP04OSSM-MFD35-02-PRESFC000,450,450,Multi-Function Node
CP04OSSM-MFD35-04-VELPTB000,450,450,Multi-Function Node
CP04OSSM-MFD35-05-PCO2WB000,450,450,Multi-Function Node
CP04OSSM-MFD35-06-PHSEND000,450,450,Multi-Function Node
CP04OSSM-MFD37-01-OPTAAD000,450,450,Multi-Function Node
CP04OSSM-MFD37-03-CTDBPE000,450,450,Multi-Function Node
CP04OSSM-MFD37-04-DOSTAD000,450,450,Multi-Function Node
CP04OSSM-MFD37-07-ZPLSCC000,450,450,Multi-Function Node
CP04OSSM-RID26-04-VELPTA000,7,7,Near Surface Instrument Frame
CP04OSSM-RID26-05-ACOMM0000,7,7,Near Surface Instrument Frame
CP04OSSM-RID26-06-PHSEND000,7,7,Near Surface Instrument Frame
CP04OSSM-RID26-07-NUTNRB000,7,7,Near Surface Instrument Frame
CP04OSSM-RID26-08-SPKIRB000,7,7,Near Surface Instrument Frame
CP04OSSM-RID27-01-OPTAAD000,7,7,Near Surface Instrument Frame
CP04OSSM-RID27-02-FLORTD000,7,7,Near Surface Instrument Frame
CP04OSSM-RID27-03-CTDBPC000,7,7,Near Surface Instrument Frame
CP04OSSM-RID27-04-DOSTAD000,7,7,Near Surface Instrument Frame
CP04OSSM-SBD11-01-MOPAK0000,0,0,"Buoy Well, center of Mass"
CP04OSSM-SBD11-02-HYDGN0000,0,0,Buoy Well
CP04OSSM-SBD11-06-METBKA000,-3,-3,Buoy Tower
CP04OSSM-SBD12-03-HYDGN0000,0,0,Buoy Well
CP04OSSM-SBD12-04-PCO2AA000,0,0,"Buoy Well (1 probe in air, 1 probe in water)"
CP05MOAS-AV001-01-FLORTN000,0,600,AUV Science Bay
CP05MOAS-AV001-02-DOSTAN000,0,600,AUV Science Bay
CP05MOAS-AV001-03-CTDAVN000,0,600,AUV Science Bay
CP05MOAS-AV001-04-NUTNRN000,0,600,AUV Science Bay
CP05MOAS-AV001-05-ADCPAN000,0,600,AUV Science Bay
CP05MOAS-AV001-06-PARADN000,0,600,AUV Science Bay
CP05MOAS-AV002-01-FLORTN000,0,600,AUV Science Bay
CP05MOAS-AV002-02-DOSTAN000,0,600,AUV Science Bay
CP05MOAS-AV002-03-CTDAVN000,0,600,AUV Science Bay
CP05MOAS-AV002-04-NUTNRN000,0,600,AUV Science Bay
CP05MOAS-AV002-05-ADCPAN000,0,600,AUV Science Bay
CP05MOAS-AV002-06-PARADN000,0,600,AUV Science Bay
CP05MOAS-GL001-01-ADCPAM000,0,1000,Glider Science Bay
CP05MOAS-GL001-02-FLORTM000,0,1000,Glider Science Bay
CP05MOAS-GL001-03-CTDGVM000,0,1000,Glider Science Bay
CP05MOAS-GL001-04-DOSTAM000,0,1000,Glider Science Bay
CP05MOAS-GL001-05-PARADM000,0,1000,Glider Science Bay
CP05MOAS-GL002-01-ADCPAM000,0,1000,Glider Science Bay
CP05MOAS-GL002-02-FLORTM000,0,1000,Glider Science Bay
CP05MOAS-GL002-03-CTDGVM000,0,1000,Glider Science Bay
CP05MOAS-GL002-04-DOSTAM000,0,1000,Glider Science Bay
CP05MOAS-GL002-05-PARADM000,0,1000,Glider Science Bay
CP05MOAS-GL003-01-ADCPAM000,0,1000,Glider Science Bay
CP05MOAS-GL003-02-FLORTM000,0,1000,Glider Science Bay
CP05MOAS-GL003-03-CTDGVM000,0,1000,Glider Science Bay
CP05MOAS-GL003-04-DOSTAM000,0,1000,Glider Science Bay
CP05MOAS-GL003-05-PARADM000,0,1000,Glider Science Bay
CP05MOAS-GL004-01-ADCPAM000,0,1000,Glider Science Bay
CP05MOAS-GL004-02-FLORTM000,0,1000,Glider Science Bay
CP05MOAS-GL004-03-CTDGVM000,0,1000,Glider Science Bay
CP05MOAS-GL004-04-DOSTAM000,0,1000,Glider Science Bay
CP05MOAS-GL004-05-PARADM000,0,1000,Glider Science Bay
CP05MOAS-GL005-01-ADCPAM000,0,1000,Glider Science Bay
CP05MOAS-GL005-02-FLORTM000,0,1000,Glider Science Bay
CP05MOAS-GL005-03-CTDGVM000,0,1000,Glider Science Bay
CP05MOAS-GL005-04-DOSTAM000,0,1000,Glider Science Bay
CP05MOAS-GL005-05-PARADM000,0,1000,Glider Science Bay
CP05MOAS-GL006-01-ADCPAM000,0,1000,Glider Science Bay
CP05MOAS-GL006-02-FLORTM000,0,1000,Glider Science Bay
CP05MOAS-GL006-03-CTDGVM000,0,1000,Glider Science Bay
CP05MOAS-GL006-04-DOSTAM000,0,1000,Glider Science Bay
CP05MOAS-GL006-05-PARADM000,0,1000,Glider Science Bay
GA01SUMO-RID16-00-ACOMM0000,12,12,Near Surface Instrument Frame
GA01SUMO-RID16-01-OPTAAD000,12,12,Near Surface Instrument Frame
GA01SUMO-RID16-02-FLORTD000,12,12,Near Surface Instrument Frame
GA01SUMO-RID16-03-CTDBPF000,12,12,Near Surface Instrument Frame
GA01SUMO-RID16-04-VELPTA000,12,12,Near Surface Instrument Frame
GA01SUMO-RID16-05-PCO2WB000,12,12,Near Surface Instrument Frame
GA01SUMO-RID16-06-DOSTAD000,12,12,Near Surface Instrument Frame
GA01SUMO-RID16-07-NUTNRB000,12,12,Near Surface Instrument Frame
GA01SUMO-RID16-08-SPKIRB000,12,12,Near Surface Instrument Frame
GA01SUMO-RII11-02-ADCPSN010,500,500,Sensor cage
GA01SUMO-RII11-02-CTDBPP031,40,40,Fixed on Inductive Wire
GA01SUMO-RII11-02-CTDBPP032,80,80,Fixed on Inductive Wire
GA01SUMO-RII11-02-CTDBPP033,130,130,Fixed on Inductive Wire
GA01SUMO-RII11-02-CTDMOQ011,20,20,Fixed on Inductive Wire
GA01SUMO-RII11-02-CTDMOQ012,60,60,Fixed on Inductive Wire
GA01SUMO-RII11-02-CTDMOQ013,100,100,Fixed on Inductive Wire
GA01SUMO-RII11-02-CTDMOQ014,180,180,Fixed on Inductive Wire
GA01SUMO-RII11-02-CTDMOQ015,250,250,Fixed on Inductive Wire
GA01SUMO-RII11-02-CTDMOQ016,350,350,Fixed on Inductive Wire
GA01SUMO-RII11-02-CTDMOQ017,500,500,Fixed on Inductive Wire
GA01SUMO-RII11-02-CTDMOR018,750,750,Fixed on Inductive Wire
GA01SUMO-RII11-02-CTDMOR019,1000,1000,Fixed on Inductive Wire
GA01SUMO-RII11-02-CTDMOR020,1500,1500,Fixed on Inductive Wire
GA01SUMO-RII11-02-DOSTAD031,40,40,Fixed on Inductive Wire
GA01SUMO-RII11-02-DOSTAD032,80,80,Fixed on Inductive Wire
GA01SUMO-RII11-02-DOSTAD033,130,130,Fixed on Inductive Wire
GA01SUMO-RII11-02-FLORDG031,40,40,Fixed on Inductive Wire
GA01SUMO-RII11-02-FLORDG032,80,80,Fixed on Inductive Wire
GA01SUMO-RII11-02-FLORDG033,130,130,Fixed on Inductive Wire
GA01SUMO-RII11-02-PCO2WC051,40,40,Fixed on Inductive Wire
GA01SUMO-RII11-02-PCO2WC052,80,80,Fixed on Inductive Wire
GA01SUMO-RII11-02-PCO2WC053,130,130,Fixed on Inductive Wire
GA01SUMO-RII11-02-PHSENE041,20,20,Fixed on Inductive Wire
GA01SUMO-RII11-02-PHSENE042,100,100,Fixed on Inductive Wire
GA01SUMO-SBD11-01-MOPAK0000,0,0,"Buoy Well, center of Mass"
GA01SUMO-SBD11-03-HYDGN0000,0,0,Buoy Well
GA01SUMO-SBD11-04-DOSTAD000,1,1,Bottom of Buoy
GA01SUMO-SBD11-05-SPKIRB000,-5,-5,Buoy Tower
GA01SUMO-SBD11-06-METBKA000,-5,-5,Buoy Tower
GA01SUMO-SBD11-08-NUTNRB000,1,1,Bottom of Buoy
GA01SUMO-SBD12-01-OPTAAD000,1,1,Bottom of Buoy
GA01SUMO-SBD12-02-FLORTD000,1,1,Bottom of Buoy
GA01SUMO-SBD12-03-HYDGN0000,0,0,Buoy Well
GA01SUMO-SBD12-04-PCO2AA000,0,0,"Buoy Well (1 probe in air, 1 probe in water)"
GA01SUMO-SBD12-05-WAVSSA000,0,0,"Buoy Well, center of Mass"
GA01SUMO-SBD12-06-METBKA000,-5,-5,Buoy Tower
GA02HYPM-MPM01-02-ZPLSGA009,150,150,Mid-Water Platform
GA02HYPM-MPM01-02-ZPLSGA010,150,150,Mid-Water Platform
GA02HYPM-RIS01-01-CTDMOG039,164,164,Fixed on Inductive Wire
GA02HYPM-WFP02-01-FLORDL000,310,2600,Wire Following Profiler Body
GA02HYPM-WFP02-03-DOSTAL000,310,2600,Wire Following Profiler Body
GA02HYPM-WFP02-04-CTDPFL000,310,2600,Wire Following Profiler Body
GA02HYPM-WFP02-05-VEL3DL000,310,2600,Wire Following Profiler Body
GA02HYPM-WFP03-01-FLORDL000,2600,5000,Wire Following Profiler Body
GA02HYPM-WFP03-03-DOSTAL000,2600,5000,Wire Following Profiler Body
GA02HYPM-WFP03-04-CTDPFL000,2600,5000,Wire Following Profiler Body
GA02HYPM-WFP03-05-VEL3DL000,2600,5000,Wire Following Profiler Body
GA03FLMA-RIM01-02-ACOMM0000,1500,1500,Sensor cage
GA03FLMA-RIM01-02-ADCPSL003,500,500,ADCP Float
GA03FLMA-RIM01-02-CTDMOG040,30,30,Fixed on Inductive Wire
GA03FLMA-RIM01-02-CTDMOG041,40,40,Fixed on Inductive Wire
GA03FLMA-RIM01-02-CTDMOG042,60,60,Fixed on Inductive Wire
GA03FLMA-RIM01-02-CTDMOG043,90,90,Fixed on Inductive Wire
GA03FLMA-RIM01-02-CTDMOG044,130,130,Fixed on Inductive Wire
GA03FLMA-RIM01-02-CTDMOG045,180,180,Fixed on Inductive Wire
GA03FLMA-RIM01-02-CTDMOG046,250,250,Fixed on Inductive Wire
GA03FLMA-RIM01-02-CTDMOG047,350,350,Fixed on Inductive Wire
GA03FLMA-RIM01-02-CTDMOG048,500,500,Fixed on Inductive Wire
GA03FLMA-RIM01-02-CTDMOH049,750,750,Fixed on Inductive Wire
GA03FLMA-RIM01-02-CTDMOH050,1000,1000,Fixed on Inductive Wire
GA03FLMA-RIM01-02-CTDMOH051,1500,1500,Fixed on Inductive Wire
GA03FLMA-RIS01-03-DOSTAD000,30,30,Sensor cage
GA03FLMA-RIS01-04-PHSENF000,30,30,Sensor cage
GA03FLMA-RIS01-05-FLORTD000,30,30,Sensor cage
GA03FLMB-RIM01-02-ACOMM0000,1500,1500,Sensor cage
GA03FLMB-RIM01-02-ADCPSL007,500,500,ADCP Float
GA03FLMB-RIM01-02-CTDMOG060,30,30,Fixed on Inductive Wire
GA03FLMB-RIM01-02-CTDMOG061,40,40,Fixed on Inductive Wire
GA03FLMB-RIM01-02-CTDMOG062,60,60,Fixed on Inductive Wire
GA03FLMB-RIM01-02-CTDMOG063,90,90,Fixed on Inductive Wire
GA03FLMB-RIM01-02-CTDMOG064,130,130,Fixed on Inductive Wire
GA03FLMB-RIM01-02-CTDMOG065,180,180,Fixed on Inductive Wire
GA03FLMB-RIM01-02-CTDMOG066,250,250,Fixed on Inductive Wire
GA03FLMB-RIM01-02-CTDMOG067,350,350,Fixed on Inductive Wire
GA03FLMB-RIM01-02-CTDMOG068,500,500,Fixed on Inductive Wire
GA03FLMB-RIM01-02-CTDMOH069,750,750,Fixed on Inductive Wire
GA03FLMB-RIM01-02-CTDMOH070,1000,1000,Fixed on Inductive Wire
GA03FLMB-RIM01-02-CTDMOH071,1500,1500,Fixed on Inductive Wire
GA03FLMB-RIS01-03-DOSTAD000,30,30,Sensor cage
GA03FLMB-RIS01-04-PHSENF000,30,30,Sensor cage
GA03FLMB-RIS01-05-FLORTD000,30,30,Sensor cage
GA05MOAS-GL001-01-FLORDM000,0,1000,Glider Science Bay
GA05MOAS-GL001-02-DOSTAM000,0,1000,Glider Science Bay
GA05MOAS-GL001-03-ACOMMM000,0,1000,Glider Science Bay
GA05MOAS-GL001-04-CTDGVM000,0,1000,Glider Science Bay
GA05MOAS-GL002-01-FLORDM000,0,1000,Glider Science Bay
GA05MOAS-GL002-02-DOSTAM000,0,1000,Glider Science Bay
GA05MOAS-GL002-03-ACOMMM000,0,1000,Glider Science Bay
GA05MOAS-GL002-04-CTDGVM000,0,1000,Glider Science Bay
GA05MOAS-GL003-01-FLORDM000,0,1000,Glider Science Bay
GA05MOAS-GL003-02-DOSTAM000,0,1000,Glider Science Bay
GA05MOAS-GL003-03-ACOMMM000,0,1000,Glider Science Bay
GA05MOAS-GL003-04-CTDGVM000,0,1000,Glider Science Bay
GA05MOAS-PG001-01-CTDGVM000,0,1000,Glider Science Bay
GA05MOAS-PG001-02-DOSTAM000,0,1000,Glider Science Bay
GA05MOAS-PG001-03-FLORTM000,0,1000,Glider Science Bay
GA05MOAS-PG001-04-FLORTO000,0,1000,Glider Science Bay
GA05MOAS-PG001-05-NUTNRM000,0,1000,Glider Science Bay
GA05MOAS-PG001-06-PARADM000,0,1000,Glider Science Bay
GA05MOAS-PG002-01-CTDGVM000,0,1000,Glider Science Bay
GA05MOAS-PG002-02-DOSTAM000,0,1000,Glider Science Bay
GA05MOAS-PG002-03-FLORTM000,0,1000,Glider Science Bay
GA05MOAS-PG002-04-FLORTO000,0,1000,Glider Science Bay
GA05MOAS-PG002-05-NUTNRM000,0,1000,Glider Science Bay
GA05MOAS-PG002-06-PARADM000,0,1000,Glider Science Bay
GI01SUMO-RID16-00-ACOMM0000,12,12,Near Surface Instrument Frame
GI01SUMO-RID16-01-OPTAAD000,12,12,Near Surface Instrument Frame
GI01SUMO-RID16-02-FLORTD000,12,12,Near Surface Instrument Frame
GI01SUMO-RID16-03-CTDBPF000,12,12,Near Surface Instrument Frame
GI01SUMO-RID16-04-VELPTA000,12,12,Near Surface Instrument Frame
GI01SUMO-RID16-05-PCO2WB000,12,12,Near Surface Instrument Frame
GI01SUMO-RID16-06-DOSTAD000,12,12,Near Surface Instrument Frame
GI01SUMO-RID16-07-NUTNRB000,12,12,Near Surface Instrument Frame
GI01SUMO-RID16-08-SPKIRB000,12,12,Near Surface Instrument Frame
GI01SUMO-RII11-02-ADCPSN010,500,500,Sensor cage
GI01SUMO-RII11-02-CTDBPP031,40,40,Fixed on Inductive Wire
GI01SUMO-RII11-02-CTDBPP032,80,80,Fixed on Inductive Wire
GI01SUMO-RII11-02-CTDBPP033,130,130,Fixed on Inductive Wire
GI01SUMO-RII11-02-CTDMOQ011,20,20,Fixed on Inductive Wire
GI01SUMO-RII11-02-CTDMOQ012,60,60,Fixed on Inductive Wire
GI01SUMO-RII11-02-CTDMOQ013,100,100,Fixed on Inductive Wire
GI01SUMO-RII11-02-CTDMOQ014,180,180,Fixed on Inductive Wire
GI01SUMO-RII11-02-CTDMOQ015,250,250,Fixed on Inductive Wire
GI01SUMO-RII11-02-CTDMOQ016,350,350,Fixed on Inductive Wire
GI01SUMO-RII11-02-CTDMOQ017,500,500,Fixed on Inductive Wire
GI01SUMO-RII11-02-CTDMOR018,750,750,Fixed on Inductive Wire
GI01SUMO-RII11-02-CTDMOR019,1000,1000,Fixed on Inductive Wire
GI01SUMO-RII11-02-CTDMOR020,1500,1500,Fixed on Inductive Wire
GI01SUMO-RII11-02-DOSTAD031,40,40,Fixed on Inductive Wire
GI01SUMO-RII11-02-DOSTAD032,80,80,Fixed on Inductive Wire
GI01SUMO-RII11-02-DOSTAD033,130,130,Fixed on Inductive Wire
GI01SUMO-RII11-02-FLORDG031,40,40,Fixed on Inductive Wire
GI01SUMO-RII11-02-FLORDG032,80,80,Fixed on Inductive Wire
GI01SUMO-RII11-02-FLORDG033,130,130,Fixed on Inductive Wire
GI01SUMO-RII11-02-PCO2WC051,40,40,Fixed on Inductive Wire
GI01SUMO-RII11-02-PCO2WC052,80,80,Fixed on Inductive Wire
GI01SUMO-RII11-02-PCO2WC053,130,130,Fixed on Inductive Wire
GI01SUMO-RII11-02-PHSENE041,20,20,Fixed on Inductive Wire
GI01SUMO-RII11-02-PHSENE042,100,100,Fixed on Inductive Wire
GI01SUMO-SBD11-01-MOPAK0000,0,0,"Buoy Well, center of Mass"
GI01SUMO-SBD11-03-HYDGN0000,0,0,Buoy Well
GI01SUMO-SBD11-04-DOSTAD000,1,1,Bottom of Buoy
GI01SUMO-SBD11-05-SPKIRB000,-5,-5,Buoy Tower
GI01SUMO-SBD11-06-METBKA000,-5,-5,Buoy Tower
GI01SUMO-SBD11-08-NUTNRB000,1,1,Bottom of Buoy
GI01SUMO-SBD12-01-OPTAAD000,1,1,Bottom of Buoy
GI01SUMO-SBD12-02-FLORTD000,1,1,Bottom of Buoy
GI01SUMO-SBD12-03-HYDGN0000,0,0,Buoy Well
GI01SUMO-SBD12-04-PCO2AA000,0,0,"Buoy Well (1 probe in air, 1 probe in water)"
GI01SUMO-SBD12-05-WAVSSA000,0,0,"Buoy Well, center of Mass"
GI01SUMO-SBD12-06-METBKA000,-5,-5,Buoy Tower
GI01SUMO-SBD12-08-FDCHPA000,-5,-5,Buoy Tower
GI02HYPM-MPM01-02-ZPLSGA009,150,150,Mid-Water Platform
GI02HYPM-MPM01-02-ZPLSGA010,150,150,Mid-Water Platform
GI02HYPM-RIM01-02-CTDMOG039,164,164,Fixed on Inductive Wire
GI02HYPM-WFP02-01-FLORDL000,260,2600,Wire Following Profiler Body
GI02HYPM-WFP02-03-DOSTAL000,260,2600,Wire Following Profiler Body
GI02HYPM-WFP02-04-CTDPFL000,260,2600,Wire Following Profiler Body
GI02HYPM-WFP02-05-VEL3DL000,260,2600,Wire Following Profiler Body
GI03FLMA-RI000-00-CTDMOH000,1700,1700,Fixed on Inductive Wire
GI03FLMA-RI000-00-CTDMOH100,2600,2600,Fixed on Inductive Wire
GI03FLMA-RI000-00-CTDMOH400,2300,2300,Fixed on Inductive Wire
GI03FLMA-RI000-00-CTDMOH700,2000,2000,Fixed on Inductive Wire
GI03FLMA-RI000-00-VELPTB000,1700,1700,Fixed on Inductive Wire
GI03FLMA-RI000-00-VELPTB100,2600,2600,Fixed on Inductive Wire
GI03FLMA-RI000-00-VELPTB400,2300,2300,Fixed on Inductive Wire
GI03FLMA-RI000-00-VELPTB700,2000,2000,Fixed on Inductive Wire
GI03FLMA-RIM01-02-ACOMM0000,1500,1500,Sensor cage
GI03FLMA-RIM01-02-ADCPSL003,500,500,ADCP Float
GI03FLMA-RIM01-02-CTDMOG040,30,30,Fixed on Inductive Wire
GI03FLMA-RIM01-02-CTDMOG041,40,40,Fixed on Inductive Wire
GI03FLMA-RIM01-02-CTDMOG042,60,60,Fixed on Inductive Wire
GI03FLMA-RIM01-02-CTDMOG043,90,90,Fixed on Inductive Wire
GI03FLMA-RIM01-02-CTDMOG044,130,130,Fixed on Inductive Wire
GI03FLMA-RIM01-02-CTDMOG045,180,180,Fixed on Inductive Wire
GI03FLMA-RIM01-02-CTDMOG046,250,250,Fixed on Inductive Wire
GI03FLMA-RIM01-02-CTDMOG047,350,350,Fixed on Inductive Wire
GI03FLMA-RIM01-02-CTDMOG048,500,500,Fixed on Inductive Wire
GI03FLMA-RIM01-02-CTDMOH049,750,750,Fixed on Inductive Wire
GI03FLMA-RIM01-02-CTDMOH050,1000,1000,Fixed on Inductive Wire
GI03FLMA-RIM01-02-CTDMOH051,1500,1500,Fixed on Inductive Wire
GI03FLMA-RIS01-03-DOSTAD000,30,30,Sensor cage
GI03FLMA-RIS01-04-PHSENF000,30,30,Sensor cage
GI03FLMA-RIS01-05-FLORTD000,30,30,Sensor cage
GI03FLMB-RI000-00-CTDMOH000,1800,1800,Fixed on Inductive Wire
GI03FLMB-RI000-00-CTDMOH100,2700,2700,Fixed on Inductive Wire
GI03FLMB-RI000-00-CTDMOH400,2400,2400,Fixed on Inductive Wire
GI03FLMB-RI000-00-CTDMOH700,2100,2100,Fixed on Inductive Wire
GI03FLMB-RI000-00-VELPTB000,1800,1800,Fixed on Inductive Wire
GI03FLMB-RI000-00-VELPTB100,2700,2700,Fixed on Inductive Wire
GI03FLMB-RI000-00-VELPTB400,2400,2400,Fixed on Inductive Wire
GI03FLMB-RI000-00-VELPTB700,2100,2100,Fixed on Inductive Wire
GI03FLMB-RIM01-02-ACOMM0000,1500,1500,Sensor cage
GI03FLMB-RIM01-02-ADCPSL007,500,500,ADCP Float
GI03FLMB-RIM01-02-CTDMOG060,30,30,Fixed on Inductive Wire
GI03FLMB-RIM01-02-CTDMOG061,40,40,Fixed on Inductive Wire
GI03FLMB-RIM01-02-CTDMOG062,60,60,Fixed on Inductive Wire
GI03FLMB-RIM01-02-CTDMOG063,90,90,Fixed on Inductive Wire
GI03FLMB-RIM01-02-CTDMOG064,130,130,Fixed on Inductive Wire
GI03FLMB-RIM01-02-CTDMOG065,180,180,Fixed on Inductive Wire
GI03FLMB-RIM01-02-CTDMOG066,250,250,Fixed on Inductive Wire
GI03FLMB-RIM01-02-CTDMOG067,350,350,Fixed on Inductive Wire
GI03FLMB-RIM01-02-CTDMOG068,500,500,Fixed on Inductive Wire
GI03FLMB-RIM01-02-CTDMOH069,750,750,Fixed on Inductive Wire
GI03FLMB-RIM01-02-CTDMOH070,1000,1000,Fixed on Inductive Wire
GI03FLMB-RIM01-02-CTDMOH071,1500,1500,Fixed on Inductive Wire
GI03FLMB-RIS01-03-DOSTAD000,30,30,Sensor cage
GI03FLMB-RIS01-04-PHSENF000,30,30,Sensor cage
GI03FLMB-RIS01-05-FLORTD000,30,30,Sensor cage
GI05MOAS-GL001-01-FLORDM000,0,1000,Glider Science Bay
GI05MOAS-GL001-02-DOSTAM000,0,1000,Glider Science Bay
GI05MOAS-GL001-03-ACOMMM000,0,1000,Glider Science Bay
GI05MOAS-GL001-04-CTDGVM000,0,1000,Glider Science Bay
GI05MOAS-GL002-01-FLORDM000,0,1000,Glider Science Bay
GI05MOAS-GL002-02-DOSTAM000,0,1000,Glider Science Bay
GI05MOAS-GL002-03-ACOMMM000,0,1000,Glider Science Bay
GI05MOAS-GL002-04-CTDGVM000,0,1000,Glider Science Bay
GI05MOAS-GL003-01-FLORDM000,0,1000,Glider Science Bay
GI05MOAS-GL003-02-DOSTAM000,0,1000,Glider Science Bay
GI05MOAS-GL003-03-ACOMMM000,0,1000,Glider Science Bay
GI05MOAS-GL003-04-CTDGVM000,0,1000,Glider Science Bay
GI05MOAS-PG001-01-CTDGVM000,0,1000,Glider Science Bay
GI05MOAS-PG001-02-DOSTAM000,0,1000,Glider Science Bay
GI05MOAS-PG001-03-FLORTM000,0,1000,Glider Science Bay
GI05MOAS-PG001-04-FLORTO000,0,1000,Glider Science Bay
GI05MOAS-PG001-05-NUTNRM000,0,1000,Glider Science Bay
GI05MOAS-PG001-06-PARADM000,0,1000,Glider Science Bay
GI05MOAS-PG002-01-CTDGVM000,0,1000,Glider Science Bay
GI05MOAS-PG002-02-DOSTAM000,0,1000,Glider Science Bay
GI05MOAS-PG002-03-FLORTM000,0,1000,Glider Science Bay
GI05MOAS-PG002-04-FLORTO000,0,1000,Glider Science Bay
GI05MOAS-PG002-05-NUTNRM000,0,1000,Glider Science Bay
GI05MOAS-PG002-06-PARADM000,0,1000,Glider Science Bay
GP02HYPM-MPM01-02-ZPLSGA009,150,150,Mid-Water Platform
GP02HYPM-MPM01-02-ZPLSGA010,150,150,Mid-Water Platform
GP02HYPM-RIM01-02-CTDMOG039,164,164,Fixed on Inductive Wire
GP02HYPM-WFP02-01-FLORDL000,310,2100,Wire Following Profiler Body
GP02HYPM-WFP02-03-DOSTAL000,310,2100,Wire Following Profiler Body
GP02HYPM-WFP02-04-CTDPFL000,310,2100,Wire Following Profiler Body
GP02HYPM-WFP02-05-VEL3DL000,310,2100,Wire Following Profiler Body
GP02HYPM-WFP03-01-FLORDL000,2100,4000,Wire Following Profiler Body
GP02HYPM-WFP03-03-DOSTAL000,2100,4000,Wire Following Profiler Body
GP02HYPM-WFP03-04-CTDPFL000,2100,4000,Wire Following Profiler Body
GP02HYPM-WFP03-05-VEL3DL000,2100,4000,Wire Following Profiler Body
GP03FLMA-RIM01-02-ACOMM0000,1500,1500,Sensor cage
GP03FLMA-RIM01-02-ADCPSL003,500,500,ADCP Float
GP03FLMA-RIM01-02-CTDMOG040,30,30,Fixed on Inductive Wire
GP03FLMA-RIM01-02-CTDMOG041,40,40,Fixed on Inductive Wire
GP03FLMA-RIM01-02-CTDMOG042,60,60,Fixed on Inductive Wire
GP03FLMA-RIM01-02-CTDMOG043,90,90,Fixed on Inductive Wire
GP03FLMA-RIM01-02-CTDMOG044,130,130,Fixed on Inductive Wire
GP03FLMA-RIM01-02-CTDMOG045,180,180,Fixed on Inductive Wire
GP03FLMA-RIM01-02-CTDMOG046,250,250,Fixed on Inductive Wire
GP03FLMA-RIM01-02-CTDMOG047,350,350,Fixed on Inductive Wire
GP03FLMA-RIM01-02-CTDMOG048,500,500,Fixed on Inductive Wire
GP03FLMA-RIM01-02-CTDMOH049,750,750,Fixed on Inductive Wire
GP03FLMA-RIM01-02-CTDMOH050,1000,1000,Fixed on Inductive Wire
GP03FLMA-RIM01-02-CTDMOH051,1500,1500,Fixed on Inductive Wire
GP03FLMA-RIS01-03-DOSTAD000,30,30,Sensor cage
GP03FLMA-RIS01-04-PHSENF000,30,30,Sensor cage
GP03FLMA-RIS01-05-FLORTD000,30,30,Sensor cage
GP03FLMB-RIM01-02-ACOMM0000,1500,1500,Sensor cage
GP03FLMB-RIM01-02-ADCPSL007,500,500,ADCP Float
GP03FLMB-RIM01-02-CTDMOG060,30,30,Fixed on Inductive Wire
GP03FLMB-RIM01-02-CTDMOG061,40,40,Fixed on Inductive Wire
GP03FLMB-RIM01-02-CTDMOG062,60,60,Fixed on Inductive Wire
GP03FLMB-RIM01-02-CTDMOG063,90,90,Fixed on Inductive Wire
GP03FLMB-RIM01-02-CTDMOG064,130,130,Fixed on Inductive Wire
GP03FLMB-RIM01-02-CTDMOG065,180,180,Fixed on Inductive Wire
GP03FLMB-RIM01-02-CTDMOG066,250,250,Fixed on Inductive Wire
GP03FLMB-RIM01-02-CTDMOG067,350,350,Fixed on Inductive Wire
GP03FLMB-RIM01-02-CTDMOG068,500,500,Fixed on Inductive Wire
GP03FLMB-RIM01-02-CTDMOH069,750,750,Fixed on Inductive Wire
GP03FLMB-RIM01-02-CTDMOH070,1000,1000,Fixed on Inductive Wire
GP03FLMB-RIM01-02-CTDMOH071,1500,1500,Fixed on Inductive Wire
GP03FLMB-RIS01-03-DOSTAD000,30,30,Sensor cage
GP03FLMB-RIS01-04-PHSENF000,30,30,Sensor cage
GP03FLMB-RIS01-05-FLORTD000,30,30,Sensor cage
GP05MOAS-GL001-01-FLORDM000,0,1000,Glider Science Bay
GP05MOAS-GL001-02-DOSTAM000,0,1000,Glider Science Bay
GP05MOAS-GL001-03-ACOMMM000,0,1000,Glider Science Bay
GP05MOAS-GL001-04-CTDGVM000,0,1000,Glider Science Bay
GP05MOAS-GL002-01-FLORDM000,0,1000,Glider Science Bay
GP05MOAS-GL002-02-DOSTAM000,0,1000,Glider Science Bay
GP05MOAS-GL002-03-ACOMMM000,0,1000,Glider Science Bay
GP05MOAS-GL002-04-CTDGVM000,0,1000,Glider Science Bay
GP05MOAS-GL003-01-FLORDM000,0,1000,Glider Science Bay
GP05MOAS-GL003-02-DOSTAM000,0,1000,Glider Science Bay
GP05MOAS-GL003-03-ACOMMM000,0,1000,Glider Science Bay
GP05MOAS-GL003-04-CTDGVM000,0,1000,Glider Science Bay
GP05MOAS-PG001-01-CTDGVM000,0,1000,Glider Science Bay
GP05MOAS-PG001-02-DOSTAM000,0,1000,Glider Science Bay
GP05MOAS-PG001-03-FLORTM000,0,1000,Glider Science Bay
GP05MOAS-PG001-04-FLORTO000,0,1000,Glider Science Bay
GP05MOAS-PG001-05-NUTNRM000,0,1000,Glider Science Bay
GP05MOAS-PG001-06-PARADM000,0,1000,Glider Science Bay
GP05MOAS-PG002-01-CTDGVM000,0,1000,Glider Science Bay
GP05MOAS-PG002-02-DOSTAM000,0,1000,Glider Science Bay
GP05MOAS-PG002-03-FLORTM000,0,1000,Glider Science Bay
GP05MOAS-PG002-04-FLORTO000,0,1000,Glider Science Bay
GP05MOAS-PG002-05-NUTNRM000,0,1000,Glider Science Bay
GP05MOAS-PG002-06-PARADM000,0,1000,Glider Science Bay
GS01SUMO-RID16-00-ACOMM0000,12,12,Near Surface Instrument Frame
GS01SUMO-RID16-01-OPTAAD000,12,12,Near Surface Instrument Frame
GS01SUMO-RID16-02-FLORTD000,12,12,Near Surface Instrument Frame
GS01SUMO-RID16-03-CTDBPF000,12,12,Near Surface Instrument Frame
GS01SUMO-RID16-04-VELPTA000,12,12,Near Surface Instrument Frame
GS01SUMO-RID16-05-PCO2WB000,12,12,Near Surface Instrument Frame
GS01SUMO-RID16-06-DOSTAD000,12,12,Near Surface Instrument Frame
GS01SUMO-RID16-07-NUTNRB000,12,12,Near Surface Instrument Frame
GS01SUMO-RID16-08-SPKIRB000,12,12,Near Surface Instrument Frame
GS01SUMO-RII11-02-ADCPSN010,500,500,Sensor cage
GS01SUMO-RII11-02-CTDBPP031,40,40,Fixed on Inductive Wire
GS01SUMO-RII11-02-CTDBPP032,80,80,Fixed on Inductive Wire
GS01SUMO-RII11-02-CTDBPP033,130,130,Fixed on Inductive Wire
GS01SUMO-RII11-02-CTDMOQ011,20,20,Fixed on Inductive Wire
GS01SUMO-RII11-02-CTDMOQ012,60,60,Fixed on Inductive Wire
GS01SUMO-RII11-02-CTDMOQ013,100,100,Fixed on Inductive Wire
GS01SUMO-RII11-02-CTDMOQ014,180,180,Fixed on Inductive Wire
GS01SUMO-RII11-02-CTDMOQ015,250,250,Fixed on Inductive Wire
GS01SUMO-RII11-02-CTDMOQ016,350,350,Fixed on Inductive Wire
GS01SUMO-RII11-02-CTDMOQ017,500,500,Fixed on Inductive Wire
GS01SUMO-RII11-02-CTDMOR018,750,750,Fixed on Inductive Wire
GS01SUMO-RII11-02-CTDMOR019,1000,1000,Fixed on Inductive Wire
GS01SUMO-RII11-02-CTDMOR020,1500,1500,Fixed on Inductive Wire
GS01SUMO-RII11-02-DOSTAD031,40,40,Fixed on Inductive Wire
GS01SUMO-RII11-02-DOSTAD032,80,80,Fixed on Inductive Wire
GS01SUMO-RII11-02-DOSTAD033,130,130,Fixed on Inductive Wire
GS01SUMO-RII11-02-FLORDG031,40,40,Fixed on Inductive Wire
GS01SUMO-RII11-02-FLORDG032,80,80,Fixed on Inductive Wire
GS01SUMO-RII11-02-FLORDG033,130,130,Fixed on Inductive Wire
GS01SUMO-RII11-02-PCO2WC051,40,40,Fixed on Inductive Wire
GS01SUMO-RII11-02-PCO2WC052,80,80,Fixed on Inductive Wire
GS01SUMO-RII11-02-PCO2WC053,130,130,Fixed on Inductive Wire
GS01SUMO-RII11-02-PHSENE041,20,20,Fixed on Inductive Wire
GS01SUMO-RII11-02-PHSENE042,100,100,Fixed on Inductive Wire
GS01SUMO-SBD11-01-MOPAK0000,0,0,"Buoy Well, center of Mass"
GS01SUMO-SBD11-03-HYDGN0000,0,0,Buoy Well
GS01SUMO-SBD11-04-DOSTAD000,1,1,Bottom of Buoy
GS01SUMO-SBD11-05-SPKIRB000,-5,-5,Buoy Tower
GS01SUMO-SBD11-06-METBKA000,-5,-5,Buoy Tower
GS01SUMO-SBD11-08-NUTNRB000,1,1,Bottom of Buoy
GS01SUMO-SBD12-01-OPTAAD000,1,1,Bottom of Buoy
GS01SUMO-SBD12-02-FLORTD000,1,1,Bottom of Buoy
GS01SUMO-SBD12-03-HYDGN0000,0,0,Buoy Well
GS01SUMO-SBD12-04-PCO2AA000,0,0,"Buoy Well (1 probe in air, 1 probe in water)"
GS01SUMO-SBD12-05-WAVSSA000,0,0,"Buoy Well, center of Mass"
GS01SUMO-SBD12-06-METBKA000,-5,-5,Buoy Tower
GS01SUMO-SBD12-08-FDCHPA000,-5,-5,Buoy Tower
GS02HYPM-MPM01-02-ZPLSGA009,150,150,Mid-Water Platform
GS02HYPM-MPM01-02-ZPLSGA010,150,150,Mid-Water Platform
GS02HYPM-RIM01-02-CTDMOG039,164,164,Fixed on Inductive Wire
GS02HYPM-WFP02-01-FLORDL000,310,2100,Wire Following Profiler Body
GS02HYPM-WFP02-03-DOSTAL000,310,2100,Wire Following Profiler Body
GS02HYPM-WFP02-04-CTDPFL000,310,2100,Wire Following Profiler Body
GS02HYPM-WFP02-05-VEL3DL000,310,2100,Wire Following Profiler Body
GS02HYPM-WFP03-01-FLORDL000,2100,4400,Wire Following Profiler Body
GS02HYPM-WFP03-03-DOSTAL000,2100,4400,Wire Following Profiler Body
GS02HYPM-WFP03-04-CTDPFL000,2100,4400,Wire Following Profiler Body
GS02HYPM-WFP03-05-VEL3DL000,2100,4400,Wire Following Profiler Body
GS03FLMA-RIM01-02-ACOMM0000,1500,1500,Sensor cage
GS03FLMA-RIM01-02-ADCPSL003,500,500,ADCP Float
GS03FLMA-RIM01-02-CTDMOG040,30,30,Fixed on Inductive Wire
GS03FLMA-RIM01-02-CTDMOG041,40,40,Fixed on Inductive Wire
GS03FLMA-RIM01-02-CTDMOG042,60,60,Fixed on Inductive Wire
GS03FLMA-RIM01-02-CTDMOG043,90,90,Fixed on Inductive Wire
GS03FLMA-RIM01-02-CTDMOG044,130,130,Fixed on Inductive Wire
GS03FLMA-RIM01-02-CTDMOG045,180,180,Fixed on Inductive Wire
GS03FLMA-RIM01-02-CTDMOG046,250,250,Fixed on Inductive Wire
GS03FLMA-RIM01-02-CTDMOG047,350,350,Fixed on Inductive Wire
GS03FLMA-RIM01-02-CTDMOG048,500,500,Fixed on Inductive Wire
GS03FLMA-RIM01-02-CTDMOH049,750,750,Fixed on Inductive Wire
GS03FLMA-RIM01-02-CTDMOH050,1000,1000,Fixed on Inductive Wire
GS03FLMA-RIM01-02-CTDMOH051,1500,1500,Fixed on Inductive Wire
GS03FLMA-RIS01-03-DOSTAD000,30,30,Sensor cage
GS03FLMA-RIS01-04-PHSENF000,30,30,Sensor cage
GS03FLMA-RIS01-05-FLORTD000,30,30,Sensor cage
GS03FLMB-RIM01-02-ACOMM0000,1500,1500,Sensor cage
GS03FLMB-RIM01-02-ADCPSL007,500,500,ADCP Float
GS03FLMB-RIM01-02-CTDMOG060,30,30,Fixed on Inductive Wire
GS03FLMB-RIM01-02-CTDMOG061,40,40,Fixed on Inductive Wire
GS03FLMB-RIM01-02-CTDMOG062,60,60,Fixed on Inductive Wire
GS03FLMB-RIM01-02-CTDMOG063,90,90,Fixed on Inductive Wire
GS03FLMB-RIM01-02-CTDMOG064,130,130,Fixed on Inductive Wire
GS03FLMB-RIM01-02-CTDMOG065,180,180,Fixed on Inductive Wire
GS03FLMB-RIM01-02-CTDMOG066,250,250,Fixed on Inductive Wire
GS03FLMB-RIM01-02-CTDMOG067,350,350,Fixed on Inductive Wire
GS03FLMB-RIM01-02-CTDMOG068,500,500,Fixed on Inductive Wire
GS03FLMB-RIM01-02-CTDMOH069,750,750,Fixed on Inductive Wire
GS03FLMB-RIM01-02-CTDMOH070,1000,1000,Fixed on Inductive Wire
GS03FLMB-RIM01-02-CTDMOH071,1500,1500,Fixed on Inductive Wire
GS03FLMB-RIS01-03-DOSTAD000,30,30,Sensor cage
GS03FLMB-RIS01-04-PHSENF000,30,30,Sensor cage
GS03FLMB-RIS01-05-FLORTD000,30,30,Sensor cage
GS05MOAS-GL001-01-FLORDM000,0,1000,Glider Science Bay
GS05MOAS-GL001-02-DOSTAM000,0,1000,Glider Science Bay
GS05MOAS-GL001-03-ACOMMM000,0,1000,Glider Science Bay
GS05MOAS-GL001-04-CTDGVM000,0,1000,Glider Science Bay
GS05MOAS-GL002-01-FLORDM000,0,1000,Glider Science Bay
GS05MOAS-GL002-02-DOSTAM000,0,1000,Glider Science Bay
GS05MOAS-GL002-03-ACOMMM000,0,1000,Glider Science Bay
GS05MOAS-GL002-04-CTDGVM000,0,1000,Glider Science Bay
GS05MOAS-GL003-01-FLORDM000,0,1000,Glider Science Bay
GS05MOAS-GL003-02-DOSTAM000,0,1000,Glider Science Bay
GS05MOAS-GL003-03-ACOMMM000,0,1000,Glider Science Bay
GS05MOAS-GL003-04-CTDGVM000,0,1000,Glider Science Bay
GS05MOAS-PG001-01-CTDGVM000,0,1000,Glider Science Bay
GS05MOAS-PG001-02-DOSTAM000,0,1000,Glider Science Bay
GS05MOAS-PG001-03-FLORTM000,0,1000,Glider Science Bay
GS05MOAS-PG001-04-FLORTO000,0,1000,Glider Science Bay
GS05MOAS-PG001-05-NUTNRM000,0,1000,Glider Science Bay
GS05MOAS-PG001-06-PARADM000,0,1000,Glider Science Bay
GS05MOAS-PG002-01-CTDGVM000,0,1000,Glider Science Bay
GS05MOAS-PG002-02-DOSTAM000,0,1000,Glider Science Bay
GS05MOAS-PG002-03-FLORTM000,0,1000,Glider Science Bay
GS05MOAS-PG002-04-FLORTO000,0,1000,Glider Science Bay
GS05MOAS-PG002-05-NUTNRM000,0,1000,Glider Science Bay
GS05MOAS-PG002-06-PARADM000,0,1000,Glider Science Bay
RS01SBPD-DP01A-01-CTDPFL104,200,2905,Deep Profiler
RS01SBPD-DP01A-02-VEL3DA103,200,2905,Deep Profiler
RS01SBPD-DP01A-03-FLCDRA104,200,2905,Deep Profiler
RS01SBPD-DP01A-03-FLNTUA104,200,2905,Deep Profiler
RS01SBPD-DP01A-05-OPTAAC102,200,2905,Deep Profiler
RS01SBPD-DP01A-06-DOSTAD104,200,2905,Deep Profiler
RS01SBPS-PC01A-05-ADCPTD102,200,200,Mid-Water Platform
RS01SBPS-PC01A-06-VADCPA101,200,200,Mid-Water Platform
RS01SBPS-PC01A-07-CAMDSC102,200,200,Mid-Water Platform
RS01SBPS-PC01A-08-HYDBBA103,200,200,Mid-Water Platform
RS01SBPS-PC01A-4A-CTDPFA103,200,200,Mid-Water Platform
RS01SBPS-PC01A-4A-DOSTAD103,200,200,Mid-Water Platform
RS01SBPS-PC01A-4B-PHSENA102,200,200,Mid-Water Platform
RS01SBPS-PC01A-4C-FLORDD103,200,200,Mid-Water Platform
RS01SBPS-SF01A-2A-CTDPFA102,5,200,Shallow Profiler
RS01SBPS-SF01A-2A-DOFSTA102,5,200,Shallow Profiler
RS01SBPS-SF01A-2D-PHSENA101,5,200,Shallow Profiler
RS01SBPS-SF01A-3A-FLORTD101,5,200,Shallow Profiler
RS01SBPS-SF01A-3B-OPTAAD101,5,200,Shallow Profiler
RS01SBPS-SF01A-3C-PARADA101,5,200,Shallow Profiler
RS01SBPS-SF01A-3D-SPKIRA101,5,200,Shallow Profiler
RS01SBPS-SF01A-4A-NUTNRA101,5,200,Shallow Profiler
RS01SBPS-SF01A-4B-VELPTD102,5,200,Shallow Profiler
RS01SBPS-SF01A-4F-PCO2WA101,5,200,Shallow Profiler
RS01SLBS-LJ01A-05-HPIESA101,2906,2906,Located Off Jbox
RS01SLBS-LJ01A-09-HYDBBA102,2905,2905,Located Off Jbox
RS01SLBS-LJ01A-10-ADCPTE101,2905,2905,Located Off Jbox
RS01SLBS-LJ01A-11-OPTAAC103,2924,2924,Located Off Jbox
RS01SLBS-LJ01A-12-CTDPFB101,2924,2924,Located Off Jbox
RS01SLBS-LJ01A-12-DOSTAD101,2924,2924,Located Off Jbox
RS01SLBS-MJ01A-05-HYDLFA101,2906,2906,co-located with Seismometer
RS01SLBS-MJ01A-05-OBSBBA102,2906,2906,Located Off Jbox
RS01SLBS-MJ01A-06-PRESTA101,2906,2906,Located Off Jbox
RS01SLBS-MJ01A-12-VEL3DB101,2906,2906,Located Off Jbox
RS01SUM1-LJ01B-05-HYDLFA104,779,779,co-located with Seismometer
RS01SUM1-LJ01B-05-OBSBBA101,779,779,Located Off Jbox
RS01SUM1-LJ01B-06-OBSSPA103,779,779,Located Off Jbox
RS01SUM1-LJ01B-07-OBSSPA102,779,779,Located Off Jbox
RS01SUM1-LJ01B-08-OBSSPA101,779,779,Located Off Jbox
RS01SUM1-LJ01B-09-PRESTB102,779,779,Located Off Jbox
RS01SUM1-LJ01B-12-VEL3DB104,779,779,Located Off Jbox
RS01SUM2-MJ01B-00-FLOBNA101,811,811,Located Off Jbox
RS01SUM2-MJ01B-00-OSMOIA101,811,811,Located Off Jbox
RS01SUM2-MJ01B-05-CAMDSB103,811,811,Located Off Jbox
RS01SUM2-MJ01B-06-MASSPA101,811,811,Located Off Jbox
RS01SUM2-MJ01B-12-ADCPSK101,811,811,Located Off Jbox
RS03ASHS-ID03A-01-CAMHDA301,1552,1552,Camera Frame
RS03ASHS-MJ03B-00-OSMOIA301,1552,1552,Located Off Jbox
RS03ASHS-MJ03B-05-OBSSPA302,1552,1552,Located Off Jbox
RS03ASHS-MJ03B-06-OBSSPA301,1552,1552,Located Off Jbox
RS03ASHS-MJ03B-07-TMPSFA301,1552,1552,Located Off Jbox
RS03AXBS-LJ03A-05-HPIESA301,2639,2639,Located Off Jbox
RS03AXBS-LJ03A-09-HYDBBA302,2594,2594,Low-Power Jbox
RS03AXBS-LJ03A-10-ADCPTE303,2594,2594,Low-Power Jbox
RS03AXBS-LJ03A-11-OPTAAC303,2594,2594,Located Off Jbox
RS03AXBS-LJ03A-12-CTDPFB301,2522,2522,Located Off Jbox
RS03AXBS-LJ03A-12-DOSTAD301,2522,2522,Located Off Jbox
RS03AXBS-MJ03A-05-HYDLFA301,2642,2642,co-located with Seismometer
RS03AXBS-MJ03A-05-OBSBBA303,2642,2642,Located Off Jbox
RS03AXBS-MJ03A-06-PRESTA301,2642,2642,Located Off Jbox
RS03AXBS-MJ03A-12-VEL3DB301,2642,2642,Located Off Jbox
RS03AXPD-DP03A-01-CTDPFL304,150,2465,Deep Profiler
RS03AXPD-DP03A-02-VEL3DA303,150,2465,Deep Profiler
RS03AXPD-DP03A-03-FLCDRA302,150,2465,Deep Profiler
RS03AXPD-DP03A-03-FLNTUA302,150,2465,Deep Profiler
RS03AXPD-DP03A-05-OPTAAC302,150,2465,Deep Profiler
RS03AXPD-DP03A-06-DOSTAD304,150,2465,Deep Profiler
RS03AXPS-PC03A-05-ADCPTD302,200,200,Mid-Water Platform
RS03AXPS-PC03A-06-VADCPA301,200,200,Mid-Water Platform
RS03AXPS-PC03A-07-CAMDSC302,200,200,Mid-Water Platform
RS03AXPS-PC03A-08-HYDBBA303,200,200,Mid-Water Platform
RS03AXPS-PC03A-4A-CTDPFA303,200,200,Mid-Water Platform
RS03AXPS-PC03A-4A-DOSTAD303,200,200,Mid-Water Platform
RS03AXPS-PC03A-4B-PHSENA302,200,200,Mid-Water Platform
RS03AXPS-PC03A-4C-FLORDD303,200,200,Mid-Water Platform
RS03AXPS-SF03A-2A-CTDPFA302,5,200,Shallow Profiler
RS03AXPS-SF03A-2A-DOFSTA302,5,200,Shallow Profiler
RS03AXPS-SF03A-2D-PHSENA301,5,200,Shallow Profiler
RS03AXPS-SF03A-3A-FLORTD301,5,200,Shallow Profiler
RS03AXPS-SF03A-3B-OPTAAD301,5,200,Shallow Profiler
RS03AXPS-SF03A-3C-PARADA301,5,200,Shallow Profiler
RS03AXPS-SF03A-3D-SPKIRA301,5,200,Shallow Profiler
RS03AXPS-SF03A-4A-NUTNRA301,5,200,Shallow Profiler
RS03AXPS-SF03A-4B-VELPTD302,5,200,Shallow Profiler
RS03AXPS-SF03A-4F-PCO2WA301,5,200,Shallow Profiler
RS03CCAL-MJ03F-05-BOTPTA301,1526,1526,Located Off Jbox
RS03CCAL-MJ03F-06-HYDLFA305,1526,1526,co-located with Seismometer
RS03CCAL-MJ03F-06-OBSBBA301,1526,1526,Located Off Jbox
RS03ECAL-MJ03E-05-OBSSPA303,1516,1516,Located Off Jbox
RS03ECAL-MJ03E-06-BOTPTA302,1516,1516,Located Off Jbox
RS03ECAL-MJ03E-08-OBSSPA304,1516,1516,Located Off Jbox
RS03ECAL-MJ03E-09-HYDLFA304,1516,1516,co-located with Seismometer
RS03ECAL-MJ03E-09-OBSBBA302,1516,1516,Located Off Jbox
RS03INT1-MJ03C-05-CAMDSB303,1520,1520,Located Off Jbox
RS03INT1-MJ03C-06-MASSPA301,1520,1520,Located Off Jbox
RS03INT1-MJ03C-07-PPSDNA301,1520,1520,co-located with Interactive Sampler
RS03INT1-MJ03C-07-RASFLA301,1520,1520,Located Off Jbox
RS03INT1-MJ03C-09-THSPHA301,1520,1520,Located Off Jbox
RS03INT1-MJ03C-10-TRHPHA301,1520,1520,Located Off Jbox
RS03INT2-MJ03D-05-OBSSPA305,1527,1527,Located Off Jbox
RS03INT2-MJ03D-06-BOTPTA303,1527,1527,Located Off Jbox
RS03INT2-MJ03D-12-VEL3DB304,1527,1527,Located Off Jbox