Array,platform,deploymentNumber,Deployment,lat,lon,CUID,AM_Date,CTD_CruiseName,CTD_CruiseLeg,CTDcast,notes
Coastal_Pioneer,CP01CNPM,1,D00001,40.13921667,-70.77951667,AR-24,2017-11-06T14:55:00,Pioneer09,AR-24C,2,
Coastal_Pioneer,CP01CNPM,1,R00001,40.13921667,-70.77951667,AR-28,2018-04-12T12:53:00,Pioneer10,AR-28B,37,
Coastal_Pioneer,CP01CNSM,1,D00001,40.13678,-70.76978,KN-214,2013-11-21T18:15:00,Pioneer01,,"1, 2, 3, 4, 5, 11",
Coastal_Pioneer,CP01CNSM,1,R00001,40.13678,-70.76978,KN-217,2014-04-18T00:00:00,Pioneer02,,"6, 12",
Coastal_Pioneer,CP01CNSM,2,D00002,40.1339,-70.7789,KN-224,2014-12-13T18:47:00,Pioneer03_Leg2,,,
Coastal_Pioneer,CP01CNSM,2,R00002,40.1339,-70.7789,KN-224,2014-12-15T20:58:00,Pioneer03_Leg2,,,
Coastal_Pioneer,CP01CNSM,3,D00003,40.14022,-70.77128,AT-27,2015-05-07T17:34:00,Pioneer04,AT-27B,"2, 10",
Coastal_Pioneer,CP01CNSM,3,R00003,40.14022,-70.77128,AT-31,2015-10-23T19:40:00,Pioneer05,"AT-31B, AT-31C","4, 4",
Coastal_Pioneer,CP01CNSM,4,D00004,40.13323,-70.77843,AT-31,2015-10-23T18:49:00,Pioneer05,"AT-31B, AT-31C","4, 4",
Coastal_Pioneer,CP01CNSM,4,R00004,40.13323,-70.77843,AR1-07,2016-04-04T12:03:00,SVC-III,,1,
Coastal_Pioneer,CP01CNSM,5,D00005,40.14037,-70.77133,AR-04,2016-05-13T13:50:00,Pioneer06,"AR-04A, AR-04B, AR-04C","1, 9, 8",
Coastal_Pioneer,CP01CNSM,5,R00005,40.14037,-70.77133,AR-08B,2016-10-13T19:34:00,Pioneer07,"AR-08A, AR-08B","7, 7",
Coastal_Pioneer,CP01CNSM,6,D00006,40.13342,-70.77847,AR-08B,2016-10-13T18:36:00,Pioneer07,AR-08B,"7, 12",
Coastal_Pioneer,CP01CNSM,6,R00006,40.13342,-70.77847,AR-18,2017-06-09T16:05:00,Pioneer08,AR-18B,5,
Coastal_Pioneer,CP01CNSM,7,D00007,40.13981667,-70.77115,AR-18,2017-06-09T14:24:00,Pioneer08,"AR-18B, AR-18B, AR-18C","5, 9, 8",
Coastal_Pioneer,CP01CNSM,7,R00007,40.13981667,-70.77115,AR-24,2017-11-01T20:33:00,Pioneer09,"AR-24A, AR-24B, AR-24B","14, 7, 14",
Coastal_Pioneer,CP01CNSM,8,D00008,40.13338333,-70.7783,AR-24,2017-10-29T14:15:00,Pioneer09,AR-24B,7,
Coastal_Pioneer,CP01CNSM,8,R00008,40.13338333,-70.7783,AR-28,2018-03-29T19:37:00,Pioneer10,AR-28A,2,
Coastal_Pioneer,CP01CNSM,9,D00009,40.13975,-70.77128,AR-28,2018-03-24T21:32:00,Pioneer10,AR-28A,"2, 7",
Coastal_Pioneer,CP01CNSM,9,R00009,40.13975,-70.77128,,,,,,
Coastal_Pioneer,CP01CNSP,4,D00004,40.13408,-70.77013,SI-1507,2015-07-23T17:20:00,Pioneer04a,,2,
Coastal_Pioneer,CP01CNSP,4,R00004,40.13408,-70.77013,AT-31,2015-10-14T21:23:00,Pioneer05,,,
Coastal_Pioneer,CP02PMCI,1,D00001,40.22665,-70.88858,KN-217,2014-04-16T23:28:00,Pioneer02,,8,
Coastal_Pioneer,CP02PMCI,1,R00001,40.22665,-70.88858,KN-222,2014-10-10T12:02:00,Pioneer03_Leg1,,15,
Coastal_Pioneer,CP02PMCI,2,D00002,40.22653,-70.87795,KN-222,2014-10-11T18:11:00,Pioneer03_Leg1,,15,
Coastal_Pioneer,CP02PMCI,2,R00002,40.22653,-70.87795,KN-224,2014-12-15T00:00:00,Pioneer03_Leg2,,,
Coastal_Pioneer,CP02PMCI,3,D00003,40.2267,-70.88882,AT-27,2015-04-30T02:58:00,Pioneer04,AT-27A,4,
Coastal_Pioneer,CP02PMCI,3,R00003,40.2267,-70.88882,AT-31,2015-10-15T12:03:00,Pioneer05,AT-31A,7,
Coastal_Pioneer,CP02PMCI,4,D00004,40.22672,-70.8779,AT-31,2015-10-15T18:11:00,Pioneer05,AT-31A,7,
Coastal_Pioneer,CP02PMCI,4,R00004,40.22672,-70.8779,AR-04,2016-05-20T19:14:00,Pioneer06,AR-04B,4,
Coastal_Pioneer,CP02PMCI,5,D00005,40.22655,-70.88897,AR-04,2016-05-21T00:18:00,Pioneer06,AR-04B,"4, 13",
Coastal_Pioneer,CP02PMCI,5,R00005,40.22655,-70.88897,AR-04,2016-05-30T12:05:00,Pioneer06,,,
Coastal_Pioneer,CP02PMCI,6,D00006,40.22691,-70.8894,AR-07-01,2016-07-01T17:53:00,GI3,,1,
Coastal_Pioneer,CP02PMCI,6,R00006,40.22691,-70.8894,AR-08A,2016-10-02T20:32:00,Pioneer07,AR-08A,"12, 22",
Coastal_Pioneer,CP02PMCI,7,D00007,40.22672,-70.87817,AR-08A,2016-10-03T20:52:00,Pioneer07,AR-08A,22,
Coastal_Pioneer,CP02PMCI,7,R00007,40.22672,-70.87817,AR-18,2017-06-17T12:12:00,Pioneer08,AR-18C,3,
Coastal_Pioneer,CP02PMCI,8,D00008,40.22695,-70.88893333,AR-18,2017-06-16T19:55:00,Pioneer08,AR-18C,"3, 11",
Coastal_Pioneer,CP02PMCI,8,R00008,40.22695,-70.88893333,AR-24,2017-11-07T12:57:00,Pioneer09,AR-24C,4,
Coastal_Pioneer,CP02PMCI,9,D00009,40.22655,-70.87818333,AR-24,2017-11-07T20:45:00,Pioneer09,AR-24C,4,
Coastal_Pioneer,CP02PMCI,9,R00009,40.22655,-70.87818333,AR-28,2018-04-11T13:46:00,Pioneer10,AR-28B,27,
Coastal_Pioneer,CP02PMCI,10,D00010,40.22652,-70.88887,AR-28,2018-04-11T11:58:00,Pioneer10,AR-28B,27,
Coastal_Pioneer,CP02PMCI,10,R00010,40.22652,-70.88887,,,,,,
Coastal_Pioneer,CP02PMCO,1,D00001,40.09605,-70.87972,KN-217,2014-04-13T17:50:00,Pioneer02,,2,
Coastal_Pioneer,CP02PMCO,1,R00001,40.09605,-70.87972,KN-222,2014-10-07T12:01:00,Pioneer03_Leg1,,6,
Coastal_Pioneer,CP02PMCO,2,D00002,40.10123,-70.88768,KN-222,2014-10-07T19:26:00,Pioneer03_Leg1,,6,
Coastal_Pioneer,CP02PMCO,2,R00002,40.10123,-70.88768,AT-27,2015-05-01T00:00:00,Pioneer04,AT-27A,5,
Coastal_Pioneer,CP02PMCO,3,D00003,40.09668,-70.8794,AT-27,2015-05-01T18:34:00,Pioneer04,AT-27A,5,
Coastal_Pioneer,CP02PMCO,3,R00003,40.09668,-70.8794,AT-31,2015-10-14T12:33:00,Pioneer05,AT-31A,5,
Coastal_Pioneer,CP02PMCO,5,D00005,40.09652,-70.87912,AT-31,2015-10-17T22:52:00,Pioneer05,AT-31A,"5, 9",
Coastal_Pioneer,CP02PMCO,5,R00005,40.09652,-70.87912,AR-04,2016-05-20T12:09:00,Pioneer06,AR-04B,3,
Coastal_Pioneer,CP02PMCO,6,D00006,40.10068,-70.8882,AR-04,2016-05-20T17:43:00,Pioneer06,AR-04B,"3, 14",
Coastal_Pioneer,CP02PMCO,6,R00006,40.10068,-70.8882,AR-08A,2016-10-02T11:59:00,Pioneer07,AR-08A,21,
Coastal_Pioneer,CP02PMCO,7,D00007,40.09633,-70.8789,AR-08A,2016-10-02T19:07:00,Pioneer07,AR-08A,21,
Coastal_Pioneer,CP02PMCO,7,R00007,40.09633,-70.8789,AR-18,2017-06-16T12:02:00,Pioneer08,AR-18C,2,
Coastal_Pioneer,CP02PMCO,8,D00008,40.22695,-70.88843333,AR-18,2017-06-16T01:19:00,Pioneer08,AR-18C,"2, 9",
Coastal_Pioneer,CP02PMCO,8,R00008,40.22695,-70.88843333,AR-24,2017-11-06T17:04:00,Pioneer09,AR-24C,3,
Coastal_Pioneer,CP02PMCO,9,D00009,40.09648333,-70.87973333,AR-24,2017-11-07T01:11:00,Pioneer09,AR-24C,3,
Coastal_Pioneer,CP02PMCO,9,R00009,40.09648333,-70.87973333,AR-28,2018-04-10T19:11:00,Pioneer10,AR-28B,17,
Coastal_Pioneer,CP02PMCO,10,D00010,40.10056,-70.8877,AR-28,2018-04-10T17:45:00,Pioneer10,AR-28B,17,
Coastal_Pioneer,CP02PMCO,10,R00010,40.10056,-70.8877,,,,,,
Coastal_Pioneer,CP02PMUI,1,D00001,40.36341,-70.77599,KN-214,2013-11-23T23:16:00,Pioneer01,,"7, 8, 13",
Coastal_Pioneer,CP02PMUI,1,R00001,40.36341,-70.77599,KN-217,2014-04-12T20:06:00,Pioneer02,,1,
Coastal_Pioneer,CP02PMUI,2,D00002,40.36495,-70.76935,KN-217,2014-04-12T16:42:00,Pioneer02,,"1, 15",
Coastal_Pioneer,CP02PMUI,2,R00002,40.36495,-70.76935,KN-222,2014-10-09T11:58:00,Pioneer03_Leg1,,"7, 14",
Coastal_Pioneer,CP02PMUI,3,D00003,40.36483,-70.78113,KN-222,2014-10-09T18:26:00,Pioneer03_Leg1,,"7, 14",
Coastal_Pioneer,CP02PMUI,3,R00003,40.36483,-70.78113,KN-224,2014-12-14T00:00:00,Pioneer03_Leg2,,,
Coastal_Pioneer,CP02PMUI,5,D00005,40.36542,-70.78318,AT-27,2015-05-03T13:45:00,Pioneer04,"AT-27A, AT-27A, AT-27B","6, 8, 13",
Coastal_Pioneer,CP02PMUI,5,R00005,40.36542,-70.78318,AT-31,2015-10-16T12:36:00,Pioneer05,"AT-31A, AT-31C","8, 1",
Coastal_Pioneer,CP02PMUI,6,D00006,40.36502,-70.76953,AT-31,2015-10-16T19:01:00,Pioneer05,"AT-31A, AT-31C","8, 1",
Coastal_Pioneer,CP02PMUI,6,R00006,40.36502,-70.76953,AR-04,2016-05-21T12:00:00,Pioneer06,AR-04B,5,
Coastal_Pioneer,CP02PMUI,7,D00007,40.36533,-70.7809,AR-04,2016-05-21T16:52:00,Pioneer06,"AR-04B, AR-04B, AR-04C","5, 12, 11",
Coastal_Pioneer,CP02PMUI,7,R00007,40.36533,-70.7809,AR-08A,2016-10-04T14:49:00,Pioneer07,AR-08A,"10, 23",
Coastal_Pioneer,CP02PMUI,8,D00008,40.36492,-70.77002,AR-08A,2016-10-04T13:55:00,Pioneer07,"AR-08A, AR-08B","23, 15",
Coastal_Pioneer,CP02PMUI,8,R00008,40.36492,-70.77002,AR-18,2017-06-18T12:07:00,Pioneer08,"AR-18B, AR-18C","12, 4",
Coastal_Pioneer,CP02PMUI,9,D00009,40.3649,-70.78035,AR-18,2017-06-17T20:01:00,Pioneer08,AR-18C,"4, 5",
Coastal_Pioneer,CP02PMUI,9,R00009,40.3649,-70.78035,AR-24,2017-11-09T11:11:00,Pioneer09,"AR-24A, AR-24B, AR-24C, AR-24C, AR-24C, AR-24C","17, 11, 5, 6, 7, 9",
Coastal_Pioneer,CP02PMUI,10,D00010,40.36496667,-70.76991667,AR-24,2017-11-09T17:03:00,Pioneer09,AR-24C,9,
Coastal_Pioneer,CP02PMUI,10,R00010,40.36496667,-70.76991667,AR-28,2018-04-11T21:49:00,Pioneer10,AR-28B,6,
Coastal_Pioneer,CP02PMUI,11,D00011,40.36498,-70.780298,AR-28,2018-04-05T18:24:00,Pioneer10,AR-28B,6,
Coastal_Pioneer,CP02PMUI,11,R00011,40.36498,-70.780298,,,,,,
Coastal_Pioneer,CP02PMUO,1,D00001,39.94157,-70.77971,KN-214,2013-11-23T15:50:00,Pioneer01,,6,
Coastal_Pioneer,CP02PMUO,1,R00001,39.94157,-70.77971,KN-217,2013-11-25T00:00:00,Pioneer01,,,
Coastal_Pioneer,CP02PMUO,2,D00002,39.93798,-70.76908,KN-214,2013-11-25T20:58:00,Pioneer01,,,
Coastal_Pioneer,CP02PMUO,2,R00002,39.93798,-70.76908,KN-217,2014-04-14T21:31:00,Pioneer02,,,
Coastal_Pioneer,CP02PMUO,3,D00003,39.94238,-70.78012,KN-217,2014-04-14T16:08:00,Pioneer02,,"4, 9",
Coastal_Pioneer,CP02PMUO,3,R00003,39.94238,-70.78012,KN-222,2014-10-05T12:11:00,Pioneer03_Leg1,,"3, 13",
Coastal_Pioneer,CP02PMUO,4,D00004,39.94302,-70.77001,KN-222,2014-10-05T20:02:00,Pioneer03_Leg1,,"3, 13",
Coastal_Pioneer,CP02PMUO,4,R00004,39.94302,-70.77001,AT-27,2015-04-30T00:00:00,Pioneer04,"AT-27A, AT-27B","3, 7",
Coastal_Pioneer,CP02PMUO,5,D00005,39.94162,-70.78085,AT-27,2015-04-30T16:56:00,Pioneer04,"AT-27A, AT-27B","3, 7",
Coastal_Pioneer,CP02PMUO,5,R00005,39.94162,-70.78085,AT-31,2015-10-13T13:04:00,Pioneer05,"AT-31A, AT-31C","3, 6",
Coastal_Pioneer,CP02PMUO,6,D00006,39.94337,-70.77043,AT-31,2015-10-13T19:12:00,Pioneer05,"AT-31A, AT-31C","3, 6",
Coastal_Pioneer,CP02PMUO,6,R00006,39.94337,-70.77043,AR-04,2016-05-18T12:20:00,Pioneer06,AR-04B,1,
Coastal_Pioneer,CP02PMUO,7,D00007,39.94212,-70.78002,AR-04,2016-05-18T21:17:00,Pioneer06,"AR-04B, AR-04B, AR-04C","1, 6, 5",
Coastal_Pioneer,CP02PMUO,7,R00007,39.94212,-70.78002,AR-08A,2016-10-01T16:16:00,Pioneer07,AR-08A,"4, 20",
Coastal_Pioneer,CP02PMUO,8,D00008,39.93935,-70.7708,AR-08A,2016-10-02T00:26:00,Pioneer07,"AR-08A, AR-08B","20, 9",
Coastal_Pioneer,CP02PMUO,8,R00008,39.93935,-70.7708,AR-18,2017-06-07T12:08:00,Pioneer08,AR-18B,4,
Coastal_Pioneer,CP02PMUO,9,D00009,39.9412,-70.78036667,AR-18,2017-06-07T18:53:00,Pioneer08,AR-18B,"4, 6",
Coastal_Pioneer,CP02PMUO,9,R00009,39.9412,-70.78036667,AR-24,2017-11-11T12:45:00,Pioneer09,"AR-24A, AR-24B, AR-24C","11, 17, 11",
Coastal_Pioneer,CP02PMUO,10,D00010,39.93866667,-70.77005,AR-24,2017-11-11T20:42:00,Pioneer09,AR-24C,11,
Coastal_Pioneer,CP02PMUO,10,R00010,39.93866667,-70.77005,AR-28,2018-04-10T10:15:00,Pioneer10,AR-28B,11,
Coastal_Pioneer,CP02PMUO,11,D00011,39.9419,-70.779,AR-28,2018-04-09T23:28:00,Pioneer10,AR-28B,11,
Coastal_Pioneer,CP02PMUO,11,R00011,39.9419,-70.779,,,,,,
Coastal_Pioneer,CP03ISPM,1,D00001,40.36473333,-70.88816667,AR-24,2017-11-12T03:26:00,Pioneer09,AR-24C,12,
Coastal_Pioneer,CP03ISPM,1,R00001,40.36473333,-70.88816667,AR-28,2018-04-11T19:06:00,Pioneer10,AR-28B,28,
Coastal_Pioneer,CP03ISSM,1,D00001,40.36222,-70.87862,KN-224,2014-12-14T18:52:00,Pioneer03_Leg2,,,
Coastal_Pioneer,CP03ISSM,1,R00001,40.36222,-70.87862,,2014-12-30T00:00:00,,,,
Coastal_Pioneer,CP03ISSM,2,D00002,40.35945,-70.88528,AT-27,2015-05-09T00:57:00,Pioneer04,,,
Coastal_Pioneer,CP03ISSM,2,R00002,40.35945,-70.88528,AT-31,2015-10-21T18:50:00,Pioneer05,AT-31B,1,
Coastal_Pioneer,CP03ISSM,3,D00003,40.36472,-70.88837,AT-31,2015-10-21T17:44:00,Pioneer05,AT-31B,1,
Coastal_Pioneer,CP03ISSM,3,R00003,40.36472,-70.88837,AR-04,2016-05-14T13:45:00,Pioneer06,AR-04A,3,
Coastal_Pioneer,CP03ISSM,4,D00004,40.35945,-70.88498,AR-04,2016-05-28T14:43:00,Pioneer06,AR-04C,3,
Coastal_Pioneer,CP03ISSM,4,R00004,40.35945,-70.88498,AR-08B,2016-10-15T12:14:00,Pioneer07,AR-08A,11,
Coastal_Pioneer,CP03ISSM,5,D00005,40.36192,-70.87827,AR-08B,2016-10-11T13:39:00,Pioneer07,AR-08B,2,
Coastal_Pioneer,CP03ISSM,5,R00005,40.36192,-70.87827,AR-18,2017-06-15T15:56:00,Pioneer08,AR-18C,1,
Coastal_Pioneer,CP03ISSM,6,D00006,40.36706667,-70.88161667,AR-18,2017-06-15T13:43:00,Pioneer08,AR-18C,"1, 13",
Coastal_Pioneer,CP03ISSM,6,R00006,40.36706667,-70.88161667,AR-24,2017-11-01T14:17:00,Pioneer09,AR-24B,9,
Coastal_Pioneer,CP03ISSM,7,D00007,40.35898333,-70.88546667,AR-24,2017-11-01T12:22:00,Pioneer09,"AR-24B, AR-24C","9, 8",
Coastal_Pioneer,CP03ISSM,7,R00007,40.35898333,-70.88546667,AR-28,2018-03-28T16:56:00,Pioneer10,AR-28A,3,
Coastal_Pioneer,CP03ISSM,8,D00008,40.36718,-70.88215,AR-28,2018-03-25T15:27:00,Pioneer10,AR-28A,3,
Coastal_Pioneer,CP03ISSM,8,R00008,40.36718,-70.88215,,,,,,
Coastal_Pioneer,CP03ISSP,1,D00001,,,,2014-12-14T23:46:00,Pioneer03_Leg2,,,Not deployed
Coastal_Pioneer,CP03ISSP,1,R00001,,,,2015-01-11T00:00:00,Pioneer03a,,,Not deployed
Coastal_Pioneer,CP03ISSP,2,D00002,,,,2015-05-11T19:29:00,Pioneer04,AT-27B,6,Failed deployment
Coastal_Pioneer,CP03ISSP,2,R00002,,,,2015-06-16T00:00:00,Pioneer05,,,Failed deployment
Coastal_Pioneer,CP03ISSP,3,D00003,40.36437,-70.88813,SI-1507,2015-07-23T11:45:00,Pioneer04a,,"1, 5",
Coastal_Pioneer,CP03ISSP,3,R00003,40.36437,-70.88813,AT-31,2015-10-15T20:12:00,Pioneer05,,,
Coastal_Pioneer,CP03ISSP,4,D00004,,,,2016-05-28T19:07:00,Pioneer06,,,Not deployed
Coastal_Pioneer,CP03ISSP,4,R00004,,,,2016-05-30T16:44:00,Pioneer06,,,Not deployed
Coastal_Pioneer,CP04OSPM,1,D00001,39.9379,-70.88694,KN-217,2014-04-15T18:24:00,Pioneer02,,5,
Coastal_Pioneer,CP04OSPM,1,R00001,39.9379,-70.88694,KN-222,2014-10-04T12:30:00,Pioneer03_Leg1,,1,
Coastal_Pioneer,CP04OSPM,2,D00002,39.94152,-70.87843,KN-222,2014-10-04T20:04:00,Pioneer03_Leg1,,1,
Coastal_Pioneer,CP04OSPM,2,R00002,39.94152,-70.87843,AT-27,2015-04-29T00:00:00,Pioneer04,AT-27A,1,
Coastal_Pioneer,CP04OSPM,3,D00003,39.94303,-70.88537,AT-27,2015-04-29T20:15:00,Pioneer04,AT-27A,1,
Coastal_Pioneer,CP04OSPM,3,R00003,39.94303,-70.88537,AT-31,2015-10-12T12:44:00,Pioneer05,AT-31A,1,
Coastal_Pioneer,CP04OSPM,4,D00004,39.93565,-70.87998,AT-31,2015-10-12T19:11:00,Pioneer05,AT-31A,1,
Coastal_Pioneer,CP04OSPM,4,R00004,39.93565,-70.87998,AR-04,2016-05-19T12:09:00,Pioneer06,AR-04B,2,
Coastal_Pioneer,CP04OSPM,5,D00005,39.94325,-70.88667,AR-04,2016-05-19T22:35:00,Pioneer06,AR-04B,2,
Coastal_Pioneer,CP04OSPM,5,R00005,39.94325,-70.88667,AR-08A,2016-09-28T13:25:00,Pioneer07,AR-08A,1,
Coastal_Pioneer,CP04OSPM,6,D00006,39.93647,-70.88022,AR-08A,2016-10-01T14:19:00,Pioneer07,AR-08A,19,
Coastal_Pioneer,CP04OSPM,6,R00006,39.93647,-70.88022,AR-18,2017-06-01T23:22:00,Pioneer08,AR-18A,9,
Coastal_Pioneer,CP04OSPM,7,D00007,39.94311667,-70.88671667,AR-18,2017-06-06T21:44:00,Pioneer08,AR-18B,2,
Coastal_Pioneer,CP04OSPM,7,R00007,39.94311667,-70.88671667,AR-24,2017-11-09T23:29:00,Pioneer09,AR-24C,10,
Coastal_Pioneer,CP04OSPM,8,D00008,39.93468333,-70.88023333,AR-24,2017-11-09T22:08:00,Pioneer09,AR-24C,10,
Coastal_Pioneer,CP04OSPM,8,R00008,39.93468333,-70.88023333,AR-28,2018-04-09T16:25:00,Pioneer10,AR-28B,10,
Coastal_Pioneer,CP04OSPM,9,D00009,39.94289,-70.88546,AR-28,2018-04-09T14:09:00,Pioneer10,AR-28B,10,
Coastal_Pioneer,CP04OSPM,9,R00009,39.94289,-70.88546,,,,,,
Coastal_Pioneer,CP04OSSM,1,D00001,39.93617,-70.8803,KN-224,2014-12-12T21:47:00,Pioneer03_Leg2,,,
Coastal_Pioneer,CP04OSSM,1,R00001,39.93617,-70.8803,AT-27,2015-05-10T00:00:00,Pioneer04,AT-27B,5,
Coastal_Pioneer,CP04OSSM,2,D00002,39.94063,-70.87855,AT-27,2015-05-09T01:04:00,Pioneer04,AT-27B,5,
Coastal_Pioneer,CP04OSSM,2,R00002,39.94063,-70.87855,AT-31,2015-10-23T00:00:00,Pioneer05,AT-31B,3,
Coastal_Pioneer,CP04OSSM,3,D00003,39.93727,-70.88665,AT-31,2015-10-22T19:38:00,Pioneer05,AT-31B,3,
Coastal_Pioneer,CP04OSSM,3,R00003,39.93727,-70.88665,AR-04,2016-05-13T17:18:00,Pioneer06,AR-04A,2,
Coastal_Pioneer,CP04OSSM,4,D00004,39.94003,-70.87743,AR-04,2016-05-27T15:50:00,Pioneer06,AR-04C,1,
Coastal_Pioneer,CP04OSSM,4,R00004,39.94003,-70.87743,AR-08B,2016-10-12T17:12:00,Pioneer07,"AR-08A, AR-08B","3, 5",
Coastal_Pioneer,CP04OSSM,5,D00005,39.93707,-70.88697,AR-08B,2016-10-12T14:26:00,Pioneer07,AR-08B,"5, 8",
Coastal_Pioneer,CP04OSSM,5,R00005,39.93707,-70.88697,AR-18,2017-06-08T12:05:00,Pioneer08,AR-18B,2,
Coastal_Pioneer,CP04OSSM,6,D00006,39.93936667,-70.87681667,AR-18,2017-06-06T14:51:00,Pioneer08,AR-18B,2,
Coastal_Pioneer,CP04OSSM,6,R00006,39.93936667,-70.87681667,AR-24,2017-11-02T14:15:00,Pioneer09,AR-24B,3,
Coastal_Pioneer,CP04OSSM,7,D00007,39.93763333,-70.88633333,AR-24,2017-10-28T14:24:00,Pioneer09,AR-24B,3,
Coastal_Pioneer,CP04OSSM,7,R00007,39.93763333,-70.88633333,AR-28,2018-03-29T12:42:00,Pioneer10,AR-28A,1,
Coastal_Pioneer,CP04OSSM,8,D00008,39.9391,-70.87643,AR-28,2018-03-24T14:37:00,Pioneer10,AR-28A,1,
Coastal_Pioneer,CP04OSSM,8,R00008,39.9391,-70.87643,,,,,,
Coastal_Pioneer,CP05MOAS-A6263,1,D00001,39.9,-70.7,AT-31,2015-10-31T00:00:00,Pioneer05,,,
Coastal_Pioneer,CP05MOAS-A6263,1,R00001,39.9,-70.7,AT-31,2015-10-31T23:59:00,Pioneer05,,,
Coastal_Pioneer,CP05MOAS-A6263,2,D00002,39.9,-70.7,AR-04,2016-05-30T22:20:00,Pioneer06,,,
Coastal_Pioneer,CP05MOAS-A6263,2,R00002,39.9,-70.7,AR-04,2016-05-31T14:30:00,Pioneer06,,,
Coastal_Pioneer,CP05MOAS-A6263,3,D00003,39.9,-70.7,AR-08B,2016-10-11T23:49:00,Pioneer07,AR-08B,4,
Coastal_Pioneer,CP05MOAS-A6263,3,R00003,39.9,-70.7,AR-08B,2016-10-13T04:26:00,Pioneer07,AR-08B,6,
Coastal_Pioneer,CP05MOAS-A6263,4,D00004,39.92057833,-70.74419833,AR-18,2017-06-10T12:15:00,Pioneer08,AR-18B,"6, 7, 8, 9, 10, 11, 12, 13, 14, 15, 16",
Coastal_Pioneer,CP05MOAS-A6263,4,R00004,39.92057833,-70.74419833,AR-18,2017-06-11T23:17:00,Pioneer08,AR-18B,"6, 7, 8, 9, 10, 11, 12, 13, 14, 15, 16",
Coastal_Pioneer,CP05MOAS-A6263,5,D00005,,,,2018-03-31T13:18:00,Pioneer10,AR-28A,,Mission aborted
Coastal_Pioneer,CP05MOAS-A6263,5,R00005,,,,2018-03-31T13:55:00,Pioneer10,AR-28A,,Mission aborted
Coastal_Pioneer,CP05MOAS-A6263,6,D00006,,,,2018-04-23T00:00:00,,,,TBD
Coastal_Pioneer,CP05MOAS-A6263,6,R00006,,,,2018-04-28T23:59:00,,,,TBD
Coastal_Pioneer,CP05MOAS-A6264,1,D00001,40.64263333,-70.43171667,AT-27,2015-05-08T00:00:00,Pioneer04,AT-27B,3,
Coastal_Pioneer,CP05MOAS-A6264,1,R00001,40.64263333,-70.43171667,AT-27,2015-05-08T23:59:00,Pioneer04,AT-27B,3,
Coastal_Pioneer,CP05MOAS-A6264,2,D00002,40.1,-70.4,AR-04,2016-05-30T19:30:00,Pioneer06,AR-04C,12,
Coastal_Pioneer,CP05MOAS-A6264,2,R00002,40.1,-70.4,AR-04,2016-05-31T16:45:00,Pioneer06,AR-04C,14,
Coastal_Pioneer,CP05MOAS-A6264,3,D00003,40.1,-70.4,AR-08B,2016-10-14T21:58:00,Pioneer07,AR-08B,16,
Coastal_Pioneer,CP05MOAS-A6264,3,R00003,40.1,-70.4,AR-08B,2016-10-16T02:51:00,Pioneer07,AR-08B,17,
Coastal_Pioneer,CP05MOAS-A6264,4,D00004,39.92318333,-70.89606667,AR-24,2017-11-02T22:09:00,Pioneer09,AR-24B,"10, 11, 12, 13, 14, 15, 16, 17",
Coastal_Pioneer,CP05MOAS-A6264,4,R00004,39.92318333,-70.89606667,AR-24,2017-11-03T22:15:00,Pioneer09,AR-24B,"10, 11, 12, 13, 14, 15, 16, 17",
Coastal_Pioneer,CP05MOAS-A6264,5,D00005,,,,2018-03-31T12:16:00,Pioneer10,AR-28A,,Mission aborted
Coastal_Pioneer,CP05MOAS-A6264,5,R00005,,,,2018-03-31T12:52:00,Pioneer10,AR-28A,,Mission aborted
Coastal_Pioneer,CP05MOAS-A6264,6,D00006,,,,2018-04-23T00:00:00,,,,TBD
Coastal_Pioneer,CP05MOAS-A6264,6,R00006,,,,2018-04-28T23:59:00,,,,TBD
Coastal_Pioneer,CP05MOAS-GL335,1,D00001,39.83333,-70.70833,KN-222,2014-10-06T20:16:00,Pioneer03_Leg1,,4,
Coastal_Pioneer,CP05MOAS-GL335,1,R00001,39.83333,-70.70833,KN-224,2014-12-15T00:00:00,Pioneer03_Leg2,,,
Coastal_Pioneer,CP05MOAS-GL335,2,D00002,39.83333,-70.70833,AT-31,2015-10-13T01:12:14,Pioneer05,AT-31A,4,
Coastal_Pioneer,CP05MOAS-GL335,2,R00002,39.83333,-70.70833,,2015-11-16T00:00:00,,,,
Coastal_Pioneer,CP05MOAS-GL335,3,D00003,39.96667,-70.53333,AR1-07,2016-04-04T18:57:02,SVC-III,,2,
Coastal_Pioneer,CP05MOAS-GL335,3,R00003,39.96667,-70.53333,,2016-04-18T00:00:00,,,,
Coastal_Pioneer,CP05MOAS-GL335,4,D00004,39.83333,-70.70833,AR-04,2016-05-27T20:33:00,Pioneer06,AR-04C,2,
Coastal_Pioneer,CP05MOAS-GL335,4,R00004,39.83333,-70.70833,,2016-06-27T00:00:00,,,,
Coastal_Pioneer,CP05MOAS-GL335,5,D00005,39.91718333,-70.40035,P7a,2017-01-16T14:59:00,Pioneer07a,,,
Coastal_Pioneer,CP05MOAS-GL335,5,R00005,39.91718333,-70.40035,,2017-03-06T22:45:00,,,,
Coastal_Pioneer,CP05MOAS-GL336,1,D00001,39.83333,-70.70833,SI-1501,2015-01-11T20:57:00,Pioneer03a,,,
Coastal_Pioneer,CP05MOAS-GL336,1,R00001,39.83333,-70.70833,,2015-03-27T00:00:00,,,,
Coastal_Pioneer,CP05MOAS-GL336,2,D00002,39.84373,-70.34352,P6a,2016-08-09T13:56:00,Pioneer06a,,,
Coastal_Pioneer,CP05MOAS-GL336,2,R00002,39.84373,-70.34352,,2016-08-18T08:45:00,,,,
Coastal_Pioneer,CP05MOAS-GL336,3,D00003,40.08542,-70.37783,AR-08B,2016-10-11T00:27:00,Pioneer07,AR-08B,1,
Coastal_Pioneer,CP05MOAS-GL336,3,R00003,40.08542,-70.37783,,2016-12-19T00:00:00,,,,
Coastal_Pioneer,CP05MOAS-GL336,4,D00004,39.91815,-70.39951667,P7a,2017-01-16T12:54:00,Pioneer07a,,,
Coastal_Pioneer,CP05MOAS-GL336,4,R00004,39.91815,-70.39951667,P7b,2017-04-19T23:59:59,Pioneer07b,,,
Coastal_Pioneer,CP05MOAS-GL336,5,D00005,39.92003,-70.86755,P8a,2017-08-17T11:59:00,Pioneer08a,,,
Coastal_Pioneer,CP05MOAS-GL336,5,R00005,39.92003,-70.86755,AR-24,2017-10-28T23:52:00,Pioneer09,AR-24B,6,
Coastal_Pioneer,CP05MOAS-GL336,6,D00006,39.85958,-70.38218,P9a,2018-01-27T16:20:21,Pioneer09a,,,
Coastal_Pioneer,CP05MOAS-GL336,6,R00006,39.85958,-70.38218,,2018-04-03T11:50:00,,,,
Coastal_Pioneer,CP05MOAS-GL339,1,D00001,40.109,-70.171333,SI-1501,2015-01-12T06:01:00,Pioneer03a,,,
Coastal_Pioneer,CP05MOAS-GL339,1,R00001,40.109,-70.171333,AT-27,2015-04-29T03:22:00,Pioneer04,AT-27A,2,
Coastal_Pioneer,CP05MOAS-GL339,2,D00002,40.083,-70.375,P5a,2016-01-21T16:29:00,Pioneer05a,,,
Coastal_Pioneer,CP05MOAS-GL339,2,R00002,40.083,-70.375,,2016-04-22T00:00:00,,,,
Coastal_Pioneer,CP05MOAS-GL339,3,D00003,40.06608333,-70.3554,P7a,2017-01-16T23:53:00,Pioneer07a,,,
Coastal_Pioneer,CP05MOAS-GL339,3,R00003,40.06608333,-70.3554,P7b,2017-04-19T23:59:59,Pioneer07b,,,
Coastal_Pioneer,CP05MOAS-GL339,4,D00004,40.05860333,-70.61993167,AR-18,2017-06-06T03:55:00,Pioneer08,AR-18B,1,
Coastal_Pioneer,CP05MOAS-GL339,4,R00004,40.05860333,-70.61993167,,2017-07-27T13:54:00,,,,
Coastal_Pioneer,CP05MOAS-GL339,5,D00005,40.07806667,-70.7202,AR-24,2017-10-29T04:52:00,Pioneer09,,,
Coastal_Pioneer,CP05MOAS-GL339,5,R00005,40.07806667,-70.7202,AR-24,2017-10-31T23:32:00,Pioneer09,,,
Coastal_Pioneer,CP05MOAS-GL339,6,D00006,39.98948,-70.36712,P9a,2018-01-27T18:18:34,Pioneer09a,,,
Coastal_Pioneer,CP05MOAS-GL339,6,R00006,39.98948,-70.36712,,2018-04-23T11:59:33,,,,
Coastal_Pioneer,CP05MOAS-GL340,1,D00001,39.83333,-70.70833,KN-222,2014-10-06T23:35:00,Pioneer03_Leg1,,5,
Coastal_Pioneer,CP05MOAS-GL340,1,R00001,39.83333,-70.70833,KN-224,2014-12-12T00:00:00,Pioneer03_Leg2,,,
Coastal_Pioneer,CP05MOAS-GL340,2,D00002,39.83333,-70.70833,AT-27,2015-05-06T02:37:00,Pioneer04,AT-27B,1,
Coastal_Pioneer,CP05MOAS-GL340,2,R00002,39.83333,-70.70833,,2015-07-02T00:00:00,,,,
Coastal_Pioneer,CP05MOAS-GL340,3,D00003,40.667,-70,P5a,2016-01-21T17:08:00,Pioneer05a,,,
Coastal_Pioneer,CP05MOAS-GL340,3,R00003,40.667,-70,P5a,2016-01-21T20:00:00,Pioneer05a,,,
Coastal_Pioneer,CP05MOAS-GL340,4,D00004,40.06642,-70.36325,P6a,2016-08-09T02:30:00,Pioneer06a,,,
Coastal_Pioneer,CP05MOAS-GL340,4,R00004,40.06642,-70.36325,P6a,2016-08-09T07:50:00,Pioneer06a,,,
Coastal_Pioneer,CP05MOAS-GL340,5,D00005,40.08892,-70.37828,AR-08B,2016-10-11T01:12:00,Pioneer07,AR-08B,1,
Coastal_Pioneer,CP05MOAS-GL340,5,R00005,40.08892,-70.37828,AR-08B,2016-10-13T11:11:00,Pioneer07,,,
Coastal_Pioneer,CP05MOAS-GL340,6,D00006,40.0286,-70.48435,P7b,2017-04-20T00:50:00,Pioneer07b,,,
Coastal_Pioneer,CP05MOAS-GL340,6,R00006,40.0286,-70.48435,,2017-04-22T00:00:00,,,,
Coastal_Pioneer,CP05MOAS-GL340,7,D00007,40.00702,-70.84823,P8a,2017-08-17T08:20:00,Pioneer08a,,,
Coastal_Pioneer,CP05MOAS-GL340,7,R00007,40.00702,-70.84823,AR-24,2017-10-28T19:16:00,Pioneer09,AR-24B,4,
Coastal_Pioneer,CP05MOAS-GL374,1,D00001,39.83333,-70.70833,KN-217,2014-04-16T20:05:00,Pioneer02,,7,
Coastal_Pioneer,CP05MOAS-GL374,1,R00001,39.83333,-70.70833,,2014-07-11T00:00:00,,,,
Coastal_Pioneer,CP05MOAS-GL374,2,D00002,39.83333,-70.70833,AT-27,2015-05-09T03:11:00,Pioneer04,AT-27B,4,
Coastal_Pioneer,CP05MOAS-GL374,2,R00002,39.83333,-70.70833,SI-1507,2015-07-23T00:00:00,Pioneer04a,,4,
Coastal_Pioneer,CP05MOAS-GL374,3,D00003,40.08333,-70.36667,AR-04,2016-05-29T00:35:00,Pioneer06,AR-04C,4,
Coastal_Pioneer,CP05MOAS-GL374,3,R00003,40.08333,-70.36667,,2016-08-09T00:00:00,,,,
Coastal_Pioneer,CP05MOAS-GL374,4,D00004,40.08727,-70.3782,AR-08B,2016-10-11T01:06:00,Pioneer07,AR-08B,1,
Coastal_Pioneer,CP05MOAS-GL374,4,R00004,40.08727,-70.3782,,2016-12-18T00:00:00,,,,
Coastal_Pioneer,CP05MOAS-GL374,5,D00005,,,,2017-04-20T00:51:00,Pioneer07b,,,Not deployed
Coastal_Pioneer,CP05MOAS-GL374,5,R00005,,,,2017-04-19T00:00:00,,,,Not deployed
Coastal_Pioneer,CP05MOAS-GL375,1,D00001,40.01988,-70.39292,SI-1501,2015-01-11T19:47:00,Pioneer03a,,,
Coastal_Pioneer,CP05MOAS-GL375,1,R00001,40.01988,-70.39292,,2015-02-13T00:00:00,,,,
Coastal_Pioneer,CP05MOAS-GL376,1,D00001,39.82528333,-70.58120833,KN-222,2014-10-06T23:28:00,Pioneer03_Leg1,,5,
Coastal_Pioneer,CP05MOAS-GL376,1,R00001,39.82528333,-70.58120833,KN-224,2014-12-13T00:00:00,Pioneer03_Leg2,,,
Coastal_Pioneer,CP05MOAS-GL376,2,D00002,40.08368333,-70.37653333,AT-27,2015-05-06T11:57:00,Pioneer04,AT-27B,1,
Coastal_Pioneer,CP05MOAS-GL376,2,R00002,40.08368333,-70.37653333,,2015-05-14T01:55:00,,,,
Coastal_Pioneer,CP05MOAS-GL376,3,D00003,39.89236667,-70.7694,AT-31,2015-10-12T23:26:00,Pioneer05,AT-31A,2,
Coastal_Pioneer,CP05MOAS-GL376,3,R00003,39.89236667,-70.7694,,2015-12-08T00:00:00,,,,
Coastal_Pioneer,CP05MOAS-GL376,4,D00004,39.99916667,-70.70673333,P5a,2016-01-21T15:15:00,Pioneer05a,,,
Coastal_Pioneer,CP05MOAS-GL376,4,R00004,39.99916667,-70.70673333,,2016-02-02T00:00:00,,,,
Coastal_Pioneer,CP05MOAS-GL376,5,D00005,39.8306,-70.72795,AR-04,2016-05-27T20:50:00,Pioneer06,AR-04C,2,
Coastal_Pioneer,CP05MOAS-GL376,5,R00005,39.8306,-70.72795,,2016-08-09T12:59:00,,,,
Coastal_Pioneer,CP05MOAS-GL376,6,D00006,,,,2017-04-19T20:24:00,Pioneer07b,,,Test deployment
Coastal_Pioneer,CP05MOAS-GL376,6,R00006,,,,2017-04-19T00:00:00,,,,Test deployment
Coastal_Pioneer,CP05MOAS-GL376,7,D00007,38.83595667,-70.72967333,AR-18,2017-06-07T02:32:00,Pioneer08,AR-18B,3,
Coastal_Pioneer,CP05MOAS-GL376,7,R00007,38.83595667,-70.72967333,,2017-08-17T13:04:00,,,,
Coastal_Pioneer,CP05MOAS-GL376,8,D00008,40.03263333,-70.6204,AR-24,2017-10-28T21:57:00,Pioneer09,AR-24B,5,
Coastal_Pioneer,CP05MOAS-GL376,8,R00008,40.03263333,-70.6204,P9a,2018-01-27T05:08:00,Pioneer09a,,,
Coastal_Pioneer,CP05MOAS-GL379,1,D00001,39.83333,-70.70833,KN-217,2014-04-15T13:15:00,Pioneer02,,,
Coastal_Pioneer,CP05MOAS-GL379,1,R00001,39.83333,-70.70833,,2014-07-11T00:00:00,,,,
Coastal_Pioneer,CP05MOAS-GL379,2,D00002,39.83333,-70.70833,AT-27,2015-05-09T11:02:00,Pioneer04,AT-27B,4,
Coastal_Pioneer,CP05MOAS-GL379,2,R00002,39.83333,-70.70833,,2015-07-02T00:00:00,,,,
Coastal_Pioneer,CP05MOAS-GL379,3,D00003,39.99916,-70.70673,P5a,2016-01-21T15:00:00,Pioneer05a,,,
Coastal_Pioneer,CP05MOAS-GL379,3,R00003,39.99916,-70.70673,AR-04,2016-05-18T03:56:00,Pioneer06,,,
Coastal_Pioneer,CP05MOAS-GL379,4,D00004,39.91718333,-70.40035,P7a,2017-01-16T12:46:00,Pioneer07a,,,
Coastal_Pioneer,CP05MOAS-GL379,4,R00004,39.91718333,-70.40035,,2017-01-16T23:59:59,,,,
Coastal_Pioneer,CP05MOAS-GL379,5,D00005,,,,2017-04-19T20:21:00,Pioneer07b,,,Not deployed as planned
Coastal_Pioneer,CP05MOAS-GL379,5,R00005,,,,2017-04-19T00:00:00,,,,Not deployed as planned
Coastal_Pioneer,CP05MOAS-GL380,1,D00001,39.82533833,-70.57533833,KN-222,2014-10-07T01:06:00,Pioneer03_Leg1,,,
Coastal_Pioneer,CP05MOAS-GL380,1,R00001,39.82533833,-70.57533833,SI-1501,2015-01-11T00:00:00,Pioneer03a,,,
Coastal_Pioneer,CP05MOAS-GL380,2,D00002,40.10535,-70.69635,SI-1507,2015-07-23T21:37:28,Pioneer04a,,3,
Coastal_Pioneer,CP05MOAS-GL380,2,R00002,40.10535,-70.69635,AT-31,2015-10-15T00:33:00,Pioneer05,AT-31A,6,
Coastal_Pioneer,CP05MOAS-GL380,3,D00003,39.8362,-70.72885,AR-08B,2016-10-11T20:46:00,Pioneer07,AR-08B,3,
Coastal_Pioneer,CP05MOAS-GL380,3,R00003,39.8362,-70.72885,P7a,2017-01-16T07:15:00,Pioneer07a,,,
Coastal_Pioneer,CP05MOAS-GL380,4,D00004,39.8393,-70.73035333,AR-18,2017-06-07T02:54:00,Pioneer08,AR-18B,3,
Coastal_Pioneer,CP05MOAS-GL380,4,R00004,39.8393,-70.73035333,,2017-08-17T12:59:00,,,,
Coastal_Pioneer,CP05MOAS-GL380,5,D00005,39.85036667,-70.72466667,AR-24,2017-11-01T01:50:00,Pioneer09,AR-24B,8,
Coastal_Pioneer,CP05MOAS-GL380,5,R00005,39.85036667,-70.72466667,,2017-11-24T01:18:00,,,,
Coastal_Pioneer,CP05MOAS-GL380,6,D00006,39.86147,-70.39555,P9a,2018-01-27T16:29:39,Pioneer09a,,,
Coastal_Pioneer,CP05MOAS-GL380,6,R00006,39.86147,-70.39555,,2018-02-03T19:30:00,,,,
Coastal_Pioneer,CP05MOAS-GL387,1,D00001,39.96168333,-70.90581667,KN-217,2014-04-16T14:40:00,Pioneer02,,,
Coastal_Pioneer,CP05MOAS-GL387,1,R00001,39.96168333,-70.90581667,,2014-05-02T00:00:00,,,,
Coastal_Pioneer,CP05MOAS-GL387,2,D00002,40.00976667,-70.39856667,SI-1501,2015-01-11T17:16:00,Pioneer03a,,,
Coastal_Pioneer,CP05MOAS-GL387,2,R00002,40.00976667,-70.39856667,,2015-03-04T00:00:00,,,,
Coastal_Pioneer,CP05MOAS-GL387,3,D00003,40.07003333,-70.41523333,AT-31,2015-10-14T01:19:00,Pioneer05,AT-31A,4,
Coastal_Pioneer,CP05MOAS-GL387,3,R00003,40.07003333,-70.41523333,,2015-11-30T00:00:00,,,,
Coastal_Pioneer,CP05MOAS-GL387,4,D00004,39.96667,-70.54167,AR1-07,2016-04-04T18:58:00,SVC-III,,2,
Coastal_Pioneer,CP05MOAS-GL387,4,R00004,39.96667,-70.54167,,2016-07-28T00:00:00,,,,
Coastal_Pioneer,CP05MOAS-GL387,5,D00005,39.78356667,-70.46571667,P7b,2017-04-19T20:53:02,Pioneer07b,,,
Coastal_Pioneer,CP05MOAS-GL387,5,R00005,39.78356667,-70.46571667,F/V Tenacious,2017-07-02T19:30:00,,,,
Coastal_Pioneer,CP05MOAS-GL387,6,D00006,40.03183333,-70.62041667,AR-24,2017-10-28T22:04:00,Pioneer09,AR-24B,5,
Coastal_Pioneer,CP05MOAS-GL387,6,R00006,40.03183333,-70.62041667,,2018-01-03T02:00:00,,,,
Coastal_Pioneer,CP05MOAS-GL388,1,D00001,39.82973333,-70.58339167,KN-222,2014-10-06T20:14:00,Pioneer03_Leg1,,2,
Coastal_Pioneer,CP05MOAS-GL388,1,R00001,39.82973333,-70.58339167,KN-224,2014-12-13T00:00:00,Pioneer03_Leg2,,,
Coastal_Pioneer,CP05MOAS-GL388,2,D00002,40.10526667,-70.70428333,SI-1507,2015-07-23T20:19:59,Pioneer04a,,3,
Coastal_Pioneer,CP05MOAS-GL388,2,R00002,40.10526667,-70.70428333,SI-1507,2015-07-24T07:00:00,Pioneer04a,,,
Coastal_Pioneer,CP05MOAS-GL388,3,D00003,39.888,-70.829,AT-31,2015-10-22T10:34:00,Pioneer05,AT-31B,2,
Coastal_Pioneer,CP05MOAS-GL388,3,R00003,39.888,-70.829,P5a,2016-01-21T00:00:00,Pioneer05a,,,
Coastal_Pioneer,CP05MOAS-GL388,4,D00004,39.84357,-70.34135,P6a,2016-08-09T14:09:00,Pioneer06a,,,
Coastal_Pioneer,CP05MOAS-GL388,4,R00004,39.84357,-70.34135,AR-08A,2016-09-28T21:47:00,Pioneer07,AR-08A,2,
Coastal_Pioneer,CP05MOAS-GL388,5,D00005,39.91891667,-70.39743333,P7a,2017-01-16T13:24:00,Pioneer07a,,,
Coastal_Pioneer,CP05MOAS-GL388,5,R00005,39.91891667,-70.39743333,P7b,2017-04-19T23:59:59,Pioneer07b,,,
Coastal_Pioneer,CP05MOAS-GL388,6,D00006,39.8504,-70.72436667,AR-24,2017-11-01T01:33:00,Pioneer09,AR-24B,8,
Coastal_Pioneer,CP05MOAS-GL388,6,R00006,39.8504,-70.72436667,P9a,2018-01-27T06:28:00,Pioneer09a,,,
Coastal_Pioneer,CP05MOAS-GL389,1,D00001,39.83333,-70.70833,SI-1501,2015-01-11T01:30:00,Pioneer03a,,,
Coastal_Pioneer,CP05MOAS-GL389,1,R00001,39.83333,-70.70833,AT-27,2015-05-03T00:00:00,Pioneer04,AT-27A,7,
Coastal_Pioneer,CP05MOAS-GL389,2,D00002,39.83333,-70.70833,AT-31,2015-10-13T01:50:18,Pioneer05,AT-31A,2,
Coastal_Pioneer,CP05MOAS-GL389,2,R00002,39.83333,-70.70833,P5a,2016-01-21T00:00:00,Pioneer05a,,,
Coastal_Pioneer,CP05MOAS-GL389,3,D00003,39.83608,-70.72755,AR-08B,2016-10-11T20:40:00,Pioneer07,AR-08B,3,
Coastal_Pioneer,CP05MOAS-GL389,3,R00003,39.83608,-70.72755,P7a,2017-01-16T00:00:00,Pioneer07a,,,
Coastal_Pioneer,CP05MOAS-GL389,4,D00004,39.78065,-70.46536667,P7b,2017-04-19T21:14:55,Pioneer07b,,,
Coastal_Pioneer,CP05MOAS-GL389,4,R00004,39.78065,-70.46536667,F/V Tenacious,2017-07-02T20:30:00,,,,
Coastal_Pioneer,CP05MOAS-PG564,1,D00001,,,,2017-04-20T01:00:00,Pioneer07b,,,Not deployed as planned
Coastal_Pioneer,CP05MOAS-PG564,1,R00001,,,,2017-04-20T11:00:00,,,,Not deployed as planned
Coastal_Pioneer,CP05MOAS-PG564,2,D00002,40.02335,-70.88022,P8a,2017-08-17T10:20:00,Pioneer08a,,,
Coastal_Pioneer,CP05MOAS-PG564,2,R00002,40.02335,-70.88022,,2017-10-07T15:26:00,,,,
Coastal_Pioneer,CP05MOAS-PG583,1,D00001,40.37043,-70.95436,P7b,2017-04-19T05:30:47,Pioneer07b,,,
Coastal_Pioneer,CP05MOAS-PG583,1,R00001,40.37043,-70.95436,,2017-07-27T09:10:00,,,,
Global_Argentine_Basin,GA01SUMO,1,D00001,-42.92283,-42.45583,AT-26-30,2015-03-15T21:25:00,GA1,,7,
Global_Argentine_Basin,GA01SUMO,1,R00001,-42.92283,-42.45583,NBP-15-10,2015-11-26T10:08:00,GA2,,9,
Global_Argentine_Basin,GA01SUMO,2,D00002,-42.9246,-42.58668,NBP-15-10,2015-11-14T21:06:00,GA2,,10,
Global_Argentine_Basin,GA01SUMO,2,R00002,-42.9246,-42.58668,NBP16-09,2016-11-08T10:10:00,GA3,,3,
Global_Argentine_Basin,GA01SUMO,3,D00003,-42.9204,-42.44093167,NBP16-09,2016-10-27T01:47:00,GA3,,7,
Global_Argentine_Basin,GA01SUMO,3,R00003,-42.9204,-42.44093167,AT39-03,2018-01-14T10:24:00,GA4,,7,
Global_Argentine_Basin,GA02HYPM,1,D00001,-42.98167,-42.4985,AT-26-30,2015-03-16T19:00:00,GA1,,6,
Global_Argentine_Basin,GA02HYPM,1,R00001,-42.98167,-42.4985,NBP-15-10,2015-11-15T15:22:00,GA2,,4,
Global_Argentine_Basin,GA02HYPM,2,D00002,-42.98083,-42.54192,NBP-15-10,2015-11-16T18:36:00,GA2,,"5, 6",
Global_Argentine_Basin,GA02HYPM,2,R00002,-42.98083,-42.54192,AT39-03,2016-11-05T00:00:00,"GA3, GA4, GA4",,"2, 4, 6",
Global_Argentine_Basin,GA02HYPM,3,D00003,-42.97804833,-42.495665,NBP16-09,2016-10-29T22:10:00,GA3,,7,
Global_Argentine_Basin,GA02HYPM,3,R00003,-42.97804833,-42.495665,AT39-03,2018-01-11T15:09:00,GA4,,3,
Global_Argentine_Basin,GA03FLMA,1,D00001,-42.493,-42.87067,AT-26-30,2015-03-17T19:45:00,GA1,,,
Global_Argentine_Basin,GA03FLMA,1,R00001,-42.493,-42.87067,NBP-15-10,2015-11-22T12:08:00,GA2,,13,
Global_Argentine_Basin,GA03FLMA,2,D00002,-42.49457,-42.92112,NBP-15-10,2015-11-25T19:21:00,GA2,,"11, 15",
Global_Argentine_Basin,GA03FLMA,2,R00002,-42.49457,-42.92112,NBP16-09,2016-11-05T18:58:00,GA3,,6,
Global_Argentine_Basin,GA03FLMA,3,D00003,-42.49212833,-42.88019333,NBP16-09,2016-10-30T23:17:00,GA3,,6,
Global_Argentine_Basin,GA03FLMA,3,R00003,-42.49212833,-42.88019333,AT39-03,2018-01-09T12:15:00,GA4,,"2, 8",
Global_Argentine_Basin,GA03FLMB,1,D00001,-42.49567,-42.122,AT-26-30,2015-03-21T02:30:00,GA1,,,
Global_Argentine_Basin,GA03FLMB,1,R00001,-42.49567,-42.122,NBP-15-10,2015-11-18T11:20:00,GA2,,7,
Global_Argentine_Basin,GA03FLMB,2,D00002,-42.49243,-42.1626,NBP-15-10,2015-11-21T21:51:00,GA2,,"8, 12",
Global_Argentine_Basin,GA03FLMB,2,R00002,-42.49243,-42.1626,NBP16-09,2016-11-01T10:10:00,GA3,,4,
Global_Argentine_Basin,GA03FLMB,3,D00003,-42.49601667,-42.12545,NBP16-09,2016-10-31T22:37:00,GA3,,5,
Global_Argentine_Basin,GA03FLMB,3,R00003,-42.49601667,-42.12545,AT39-03,2018-01-12T13:07:00,GA4,,5,
Global_Argentine_Basin,GA05MOAS-GL364,2,D00002,-42.49933333,-41.96366667,NBP16-09,2016-11-01T00:58:00,GA3,,,
Global_Argentine_Basin,GA05MOAS-GL364,2,R00002,-42.49933333,-41.96366667,,2018-01-08T05:00:00,,,,
Global_Argentine_Basin,GA05MOAS-GL470,1,D00001,-42.4991667,-41.99616667,NBP16-09,2016-11-01T00:36:00,GA3,,,
Global_Argentine_Basin,GA05MOAS-GL470,1,R00001,-42.4991667,-41.99616667,,2017-09-21T19:00:00,,,,
Global_Argentine_Basin,GA05MOAS-GL493,1,D00001,-42.92276,-42.45593,AT-26-30,2015-03-15T02:00:00,GA1,,5,
Global_Argentine_Basin,GA05MOAS-GL493,1,R00001,-42.92276,-42.45593,NBP-15-10,2015-11-13T00:00:00,GA2,,,
Global_Argentine_Basin,GA05MOAS-GL494,1,D00001,-42.92276,-42.45593,AT-26-30,2015-03-14T11:00:00,GA1,,5,
Global_Argentine_Basin,GA05MOAS-GL494,1,R00001,-42.92276,-42.45593,,2015-03-24T00:00:00,,,,
Global_Argentine_Basin,GA05MOAS-GL495,1,D00001,-42.92276,-42.45593,AT-26-30,2015-03-13T00:00:00,GA1,,,
Global_Argentine_Basin,GA05MOAS-GL495,1,R00001,-42.92276,-42.45593,AT-26-30,2015-03-14T00:00:00,GA1,,,
Global_Argentine_Basin,GA05MOAS-GL496,1,D00001,-42.92276,-42.45593,AT-26-30,2015-03-14T11:00:00,GA1,,5,
Global_Argentine_Basin,GA05MOAS-GL496,1,R00001,-42.92276,-42.45593,,2016-03-16T00:00:00,,,,
Global_Argentine_Basin,GA05MOAS-GL538,1,D00001,-42.585,-42.66667,NBP-15-10,2015-11-24T17:30:00,GA2,,14,
Global_Argentine_Basin,GA05MOAS-GL538,1,R00001,-42.585,-42.66667,NBP16-09,2016-11-03T21:36:00,GA3,,,
Global_Argentine_Basin,GA05MOAS-PG562,1,D00001,-42.57167,-42.65667,NBP-15-10,2015-11-24T21:30:00,GA2,,14,
Global_Argentine_Basin,GA05MOAS-PG562,1,R00001,-42.57167,-42.65667,,2017-01-27T00:00:00,,,,
Global_Argentine_Basin,GA05MOAS-PG563,1,D00001,-42.58833,-42.645,NBP-15-10,2015-11-24T21:47:00,GA2,,14,
Global_Argentine_Basin,GA05MOAS-PG563,1,R00001,-42.58833,-42.645,,2016-05-02T00:00:00,,,,
Global_Argentine_Basin,GA05MOAS-PG578,1,D00001,-42.49967,-41.863,NBP16-09,2016-11-01T01:58:00,GA3,,,
Global_Argentine_Basin,GA05MOAS-PG578,1,R00001,-42.49967,-41.863,,2017-09-09T08:35:00,,,,
Global_Argentine_Basin,GA05MOAS-PG580,1,D00001,-42.49867,-41.91067,NBP16-09,2016-11-01T01:32:00,GA3,,,
Global_Argentine_Basin,GA05MOAS-PG580,1,R00001,-42.49867,-41.91067,,2016-11-04T11:09:00,,,,
Global_Irminger,GI01SUMO,1,D00001,59.9337,-39.47378,KN-221-4,2014-09-10T18:50:00,GI1,,"5, 7",
Global_Irminger,GI01SUMO,1,R00001,59.9337,-39.47378,AT-30-01,2015-08-22T11:00:00,GI2,,4,
Global_Irminger,GI01SUMO,2,D00002,59.94358,-39.57372,AT-30-01,2015-08-15T19:22:00,GI2,,13,
Global_Irminger,GI01SUMO,2,R00002,59.94358,-39.57372,AR-07-01,2016-07-19T00:00:00,GI3,,10,
Global_Irminger,GI01SUMO,3,D00003,59.9341,-39.4673,AR-07-01,2016-07-10T17:44:00,GI3,,6,
Global_Irminger,GI01SUMO,3,R00003,59.9341,-39.4673,AR21,2017-08-14T09:33:00,GI4,,7,
Global_Irminger,GI01SUMO,4,D00004,59.9462,-39.4737,AR21,2017-08-05T18:17:00,GI4,,7,
Global_Irminger,GI01SUMO,4,R00004,59.9462,-39.4737,,,,,,
Global_Irminger,GI02HYPM,1,D00001,59.97533,-39.48183,KN-221-4,2014-09-11T17:13:00,GI1,,6,
Global_Irminger,GI02HYPM,1,R00001,59.97533,-39.48183,AT-30-01,2015-08-16T10:54:00,GI2,,5,
Global_Irminger,GI02HYPM,2,D00002,59.97275,-39.52348,AT-30-01,2015-08-16T22:59:00,GI2,,12,
Global_Irminger,GI02HYPM,2,R00002,59.97275,-39.52348,AR-07-01,2016-07-16T00:00:00,GI3,,7,
Global_Irminger,GI02HYPM,3,D00003,59.9695,-39.4886,AR-07-01,2016-07-11T14:22:00,GI3,,7,
Global_Irminger,GI02HYPM,3,R00003,59.9695,-39.4886,AR21,2017-08-10T10:18:00,GI4,,8,
Global_Irminger,GI02HYPM,4,D00004,59.9722,-39.5313,AR21,2017-08-06T13:45:00,GI4,,8,
Global_Irminger,GI02HYPM,4,R00004,59.9722,-39.5313,,,,,,
Global_Irminger,GI03FLMA,1,D00001,59.76683,-39.8425,KN-221-4,2014-09-12T20:11:00,GI1,,,
Global_Irminger,GI03FLMA,1,R00001,59.76683,-39.8425,AT-30-01,2015-08-18T10:41:00,GI2,,,
Global_Irminger,GI03FLMA,2,D00002,59.77067,-39.8801,AT-30-01,2015-08-18T23:48:00,GI2,,"7, 10",
Global_Irminger,GI03FLMA,2,R00002,59.77067,-39.8801,AR-07-01,2016-07-17T00:00:00,GI3,,8,
Global_Irminger,GI03FLMA,3,D00003,59.81771,-39.84123,AR-07-01,2016-07-12T15:59:00,GI3,,8,
Global_Irminger,GI03FLMA,3,R00003,59.81771,-39.84123,AR21,2017-08-12T11:36:00,GI4,,11,
Global_Irminger,GI03FLMA,4,D00004,59.7699,-39.886,AR21,2017-08-08T15:59:00,GI4,,11,
Global_Irminger,GI03FLMA,4,R00004,59.7699,-39.886,,,,,,
Global_Irminger,GI03FLMB,1,D00001,59.71267,-39.23017,KN-221-4,2014-09-16T13:24:00,GI1,,,
Global_Irminger,GI03FLMB,1,R00001,59.71267,-39.23017,AT-30-01,2015-08-20T12:56:00,GI2,,9,
Global_Irminger,GI03FLMB,2,D00002,59.71823,-39.35362,AT-30-01,2015-08-21T17:11:00,GI2,,"8, 11",
Global_Irminger,GI03FLMB,2,R00002,59.71823,-39.35362,AR-07-01,2016-07-18T00:00:00,GI3,,9,
Global_Irminger,GI03FLMB,3,D00003,59.71547,-39.31479,AR-07-01,2016-07-13T15:49:00,GI3,,9,
Global_Irminger,GI03FLMB,3,R00003,59.71547,-39.31479,AR21,2017-08-11T12:02:00,GI4,,10,
Global_Irminger,GI03FLMB,4,D00004,59.7166,-39.3521,AR21,2017-08-07T15:49:00,GI4,,10,
Global_Irminger,GI03FLMB,4,R00004,59.7166,-39.3521,,,,,,
Global_Irminger,GI05MOAS-GL469,1,D00001,59.93373,-39.47383,KN-221-4,2014-09-10T23:00:00,GI1,,9,
Global_Irminger,GI05MOAS-GL469,1,R00001,59.93373,-39.47383,KN-221-4,2014-09-18T00:00:00,GI1,,,
Global_Irminger,GI05MOAS-GL477,1,D00001,59.93373,-39.47383,KN-221-4,2014-09-10T23:00:00,GI1,,9,
Global_Irminger,GI05MOAS-GL477,1,R00001,59.93373,-39.47383,,2015-04-17T00:00:00,,,,
Global_Irminger,GI05MOAS-GL478,1,D00001,59.93373,-39.47383,KN-221-4,2014-09-11T00:50:00,GI1,,9,
Global_Irminger,GI05MOAS-GL478,1,R00001,59.93373,-39.47383,,2014-09-12T00:00:00,,,,
Global_Irminger,GI05MOAS-GL484,2,D00002,59.86,-39.13167,AT-30-01,2015-08-17T10:25:00,GI2,,6,
Global_Irminger,GI05MOAS-GL484,2,R00002,59.86,-39.13167,AT-30-01,2015-08-27T00:00:00,GI2,,,
Global_Irminger,GI05MOAS-GL484,3,D00003,59.85916,-39.13213,AR-07-01,2016-07-09T10:32:00,GI3,,5,
Global_Irminger,GI05MOAS-GL484,3,R00003,59.85916,-39.13213,,2016-10-19T00:00:00,,,,
Global_Irminger,GI05MOAS-GL485,2,D00002,59.8582,-39.118,AT-30-01,2015-08-17T10:36:00,GI2,,6,
Global_Irminger,GI05MOAS-GL485,2,R00002,59.8582,-39.118,,2015-11-20T00:00:00,,,,
Global_Irminger,GI05MOAS-GL486,2,D00002,,,,2017-08-09T09:55:00,GI4,,12,Glider leaked and recovered on the same day
Global_Irminger,GI05MOAS-GL486,2,R00002,,,,2017-08-09T14:19:00,GI4,,,Glider leaked and recovered on the same day
Global_Irminger,GI05MOAS-GL493,2,D00002,59.8576,-39.1472,AR21,2017-08-09T12:22:00,GI4,,12,
Global_Irminger,GI05MOAS-GL493,2,R00002,59.8576,-39.1472,,,,,,
Global_Irminger,GI05MOAS-GL495,2,D00002,59.86108,-39.11333,AT-30-01,2015-08-17T14:02:00,GI2,,6,
Global_Irminger,GI05MOAS-GL495,2,R00002,59.86108,-39.11333,,2015-11-05T00:00:00,,,,
Global_Irminger,GI05MOAS-GL559,1,D00001,59.86086,-39.12924,AR-07-01,2016-07-09T10:12:00,GI3,,5,
Global_Irminger,GI05MOAS-GL559,1,R00001,59.86086,-39.12924,,2017-06-18T16:57:05,,,,
Global_Irminger,GI05MOAS-PG528,1,D00001,59.86283,-39.11552,AT-30-01,2015-08-17T12:25:00,GI2,,6,
Global_Irminger,GI05MOAS-PG528,1,R00001,59.86283,-39.11552,,2016-06-18T00:00:00,,,,
Global_Irminger,GI05MOAS-PG564,1,D00001,,,,2016-07-09T13:13:00,GI3,,5,Glider leaked and recovered on the same day
Global_Irminger,GI05MOAS-PG564,1,R00001,,,,2016-07-11T17:04:00,GI3,,,Glider leaked and recovered on the same day
Global_Irminger,GI05MOAS-PG577,1,D00001,,,,2016-07-09T11:09:00,GI3,,5,Glider leaked and recovered on the same day
Global_Irminger,GI05MOAS-PG577,1,R00001,,,,2016-07-11T17:42:00,GI3,,,Glider leaked and recovered on the same day
Global_Irminger,GI05MOAS-PG581,1,D00001,,,,2017-08-09T10:04:00,GI4,,12,Glider leaked and recovered on the same day
Global_Irminger,GI05MOAS-PG581,1,R00001,,,,2017-08-09T17:34:00,GI4,,,Glider leaked and recovered on the same day
Global_Papa,GP02HYPM,1,D00001,50.07067,-144.798,MV-1309,2013-07-26T08:11:00,GP1,,10,
Global_Papa,GP02HYPM,1,R00001,50.07067,-144.798,MV-1404,2014-06-14T00:00:00,GP2,,4,
Global_Papa,GP02HYPM,2,D00002,50.07833,-144.80533,MV-1404,2014-06-16T02:15:00,GP2,,6,
Global_Papa,GP02HYPM,2,R00002,50.07833,-144.80533,TN-323,2015-06-02T00:00:00,GP3,,4,
Global_Papa,GP02HYPM,3,D00003,50.07983,-144.803,TN-323,2015-06-04T23:38:00,GP3,,8,
Global_Papa,GP02HYPM,3,R00003,50.07983,-144.803,RB-16-05,2016-07-01T18:56:00,GP4,,,
Global_Papa,GP02HYPM,4,D00004,50.0796,-144.80572,RB-16-05,2016-07-03T02:05:00,GP4,,,
Global_Papa,GP02HYPM,4,R00004,50.0796,-144.80572,SR17-10,2017-07-16T15:20:00,GP5,,10,
Global_Papa,GP02HYPM,5,D00005,50.1156,-144.9176,SR17-10,2017-07-15T21:25:00,GP5,,"8, 9",
Global_Papa,GP02HYPM,5,R00005,50.1156,-144.9176,,,,,,
Global_Papa,GP03FLMA,1,D00001,49.9795,-144.254,MV-1309,2013-07-21T22:44:00,GP1,,,
Global_Papa,GP03FLMA,1,R00001,49.9795,-144.254,MV-1404,2014-06-15T00:00:00,GP2,,,
Global_Papa,GP03FLMA,2,D00002,49.9775,-144.24567,MV-1404,2014-06-17T06:00:00,GP2,,,
Global_Papa,GP03FLMA,2,R00002,49.9775,-144.24567,TN-323,2015-06-05T00:00:00,GP3,,,
Global_Papa,GP03FLMA,3,D00003,49.97667,-144.24617,TN-323,2015-06-06T22:40:00,GP3,,,
Global_Papa,GP03FLMA,3,R00003,49.97667,-144.24617,RB-16-05,2016-06-28T19:10:00,GP4,,,
Global_Papa,GP03FLMA,4,D00004,49.97434,-144.23972,RB-16-05,2016-07-01T01:07:00,GP4,,,
Global_Papa,GP03FLMA,4,R00004,49.97434,-144.23972,SR17-10,2017-07-18T15:13:00,GP5,,13,
Global_Papa,GP03FLMA,5,D00005,50.02288,-144.36125,SR17-10,2017-07-13T23:00:00,GP5,,"4, 5",
Global_Papa,GP03FLMA,5,R00005,50.02288,-144.36125,,,,,,
Global_Papa,GP03FLMB,1,D00001,50.33167,-144.40083,MV-1309,2013-07-24T06:32:00,GP1,,,
Global_Papa,GP03FLMB,1,R00001,50.33167,-144.40083,MV-1404,2014-06-18T00:00:00,GP2,,,
Global_Papa,GP03FLMB,2,D00002,50.33133,-144.3975,MV-1404,2014-06-20T02:00:00,GP2,,,
Global_Papa,GP03FLMB,2,R00002,50.33133,-144.3975,TN-323,2015-06-07T00:00:00,GP3,,,
Global_Papa,GP03FLMB,3,D00003,50.33033,-144.39833,TN-323,2015-06-08T21:25:00,GP3,,,
Global_Papa,GP03FLMB,3,R00003,50.33033,-144.39833,RB-16-05,2016-07-03T18:35:00,GP4,,,
Global_Papa,GP03FLMB,4,D00004,50.32925,-144.398,RB-16-05,2016-07-04T23:07:00,GP4,,,
Global_Papa,GP03FLMB,4,R00004,50.32925,-144.398,SR17-10,2017-07-17T15:02:00,GP5,,"11, 12",
Global_Papa,GP03FLMB,5,D00005,50.37768,-144.514867,SR17-10,2017-07-14T22:49:00,GP5,,"6, 7",
Global_Papa,GP03FLMB,5,R00005,50.37768,-144.514867,,,,,,
Global_Papa,GP05MOAS-GL276,1,D00001,50.07833,-144.80533,MV-1404,2014-06-15T05:30:00,GP2,,5,
Global_Papa,GP05MOAS-GL276,1,R00001,50.07833,-144.80533,TN-323,2015-06-02T00:00:00,GP3,,,
Global_Papa,GP05MOAS-GL361,1,D00001,50.07067,-144.798,TY-1402,2014-02-20T00:00:00,,,,
Global_Papa,GP05MOAS-GL361,1,R00001,50.07067,-144.798,,2014-05-04T00:00:00,,,,
Global_Papa,GP05MOAS-GL362,1,D00001,50.07833,-144.80533,TY-1408,2014-08-29T00:00:00,,,,
Global_Papa,GP05MOAS-GL362,1,R00001,50.07833,-144.80533,,2014-09-04T00:00:00,,,,
Global_Papa,GP05MOAS-GL363,1,D00001,50.07067,-144.798,MV-1309,2013-07-19T23:00:00,GP1,,7,
Global_Papa,GP05MOAS-GL363,1,R00001,50.07067,-144.798,MV-1404,2014-06-15T00:00:00,GP2,,5,
Global_Papa,GP05MOAS-GL363,2,D00002,50.16648,-144.50107,RB-16-05,2016-06-30T02:30:00,GP4,,,
Global_Papa,GP05MOAS-GL363,2,R00002,50.16648,-144.50107,RB-16-05,2016-07-05T07:08:00,GP4,,,
Global_Papa,GP05MOAS-GL364,1,D00001,50.07067,-144.798,MV-1309,2013-07-19T23:00:00,GP1,,7,
Global_Papa,GP05MOAS-GL364,1,R00001,50.07067,-144.798,MV-1404,2014-06-15T00:00:00,GP2,,5,
Global_Papa,GP05MOAS-GL365,1,D00001,50.07067,-144.798,MV-1309,2013-07-19T23:00:00,GP1,,7,
Global_Papa,GP05MOAS-GL365,1,R00001,50.07067,-144.798,,2014-02-20T00:00:00,,,,
Global_Papa,GP05MOAS-GL365,2,D00002,50.16558,-144.50077,RB-16-05,2016-06-27T15:35:00,GP4,,,
Global_Papa,GP05MOAS-GL365,2,R00002,50.16558,-144.50077,,2017-05-21T00:00:00,,,,
Global_Papa,GP05MOAS-GL453,1,D00001,50.07833,-144.80533,TY-1402,2014-08-29T00:00:00,,,,
Global_Papa,GP05MOAS-GL453,1,R00001,50.07833,-144.80533,,2014-10-30T00:00:00,,,,
Global_Papa,GP05MOAS-GL523,1,D00001,49.96608,-144.2464,TN-323,2015-06-02T04:40:00,GP3,,5,
Global_Papa,GP05MOAS-GL523,1,R00001,49.96608,-144.2464,,2016-08-28T00:00:00,,,,
Global_Papa,GP05MOAS-GL525,1,D00001,50.16428,-144.57165,TN-323,2015-06-02T11:25:00,GP3,,5,
Global_Papa,GP05MOAS-GL525,1,R00001,50.16428,-144.57165,RB-16-05,2016-07-06T16:52:00,GP4,,,
Global_Papa,GP05MOAS-GL537,1,D00001,50.17548,-144.55345,TN-323,2015-06-02T11:05:00,GP3,,5,
Global_Papa,GP05MOAS-GL537,1,R00001,50.17548,-144.55345,RB-16-05,2016-06-27T05:02:00,GP4,,,
Global_Papa,GP05MOAS-PG514,2,D00002,50.16692,-144.5453,TN-323,2015-06-02T10:00:00,GP3,,5,
Global_Papa,GP05MOAS-PG514,2,R00002,50.16692,-144.5453,,2015-11-16T00:00:00,,,,
Global_Papa,GP05MOAS-PG515,2,D00002,50.16765,-144.5446,TN-323,2015-06-02T09:55:00,GP3,,5,
Global_Papa,GP05MOAS-PG515,2,R00002,50.16765,-144.5446,,2016-02-18T00:00:00,,,,
Global_Papa,GP05MOAS-PG575,1,D00001,50.1487,-144.5076,RB-16-05,2016-06-27T18:58:00,GP4,,,
Global_Papa,GP05MOAS-PG575,1,R00001,50.1487,-144.5076,RB-16-05,2016-07-05T14:52:00,GP4,,,
Global_Papa,GP05MOAS-PG576,1,D00001,,,,2016-06-27T18:47:00,GP4,,,Failed deployment
Global_Papa,GP05MOAS-PG576,1,R00001,,,,2016-07-05T05:42:00,GP4,,,Failed deployment
Global_Southern_Ocean,GS01SUMO,1,D00001,-54.40833,-89.3575,AT-26-29,2015-02-18T21:06:00,GS1,,8,
Global_Southern_Ocean,GS01SUMO,1,R00001,-54.40833,-89.3575,NBP-15-11,2015-12-27T11:20:00,GS2,,14,
Global_Southern_Ocean,GS01SUMO,2,D00002,-54.40408,-89.20691,NBP-15-11,2015-12-14T20:20:00,GS2,,16,
Global_Southern_Ocean,GS01SUMO,2,R00002,-54.40408,-89.20691,NBP16-10,2016-12-12T07:58:00,GS3,,6,
Global_Southern_Ocean,GS01SUMO,3,D00003,-54.4076,-89.35673333,NBP16-10,2016-11-25T01:11:00,GS3,,"6, 14",
Global_Southern_Ocean,GS01SUMO,3,R00003,-54.4076,-89.35673333,,,,,,
Global_Southern_Ocean,GS02HYPM,1,D00001,-54.46834,-89.36843,AT-26-29,2015-02-19T23:00:00,GS1,,9,
Global_Southern_Ocean,GS02HYPM,1,R00001,-54.46834,-89.36843,NBP-15-11,2015-12-25T12:50:00,GS2,,8,
Global_Southern_Ocean,GS02HYPM,2,D00002,-54.47011,-89.24,NBP-15-11,2015-12-15T19:34:00,GS2,,"7, 15",
Global_Southern_Ocean,GS02HYPM,2,R00002,-54.47011,-89.24,NBP16-10,2016-12-11T11:02:00,GS3,,4,
Global_Southern_Ocean,GS02HYPM,3,D00003,-54.46928833,-89.31909167,NBP16-10,2016-11-30T19:29:00,GS3,,"5, 13",
Global_Southern_Ocean,GS02HYPM,3,R00003,-54.46928833,-89.31909167,NBP17-09,2017-12-01T12:01:00,GS4,,,
Global_Southern_Ocean,GS03FLMA,1,D00001,-54.10517,-89.65361,AT-26-29,2015-02-25T23:55:00,GS1,,11,
Global_Southern_Ocean,GS03FLMA,1,R00001,-54.10517,-89.65361,NBP-15-11,2015-12-18T12:33:00,GS2,,11,
Global_Southern_Ocean,GS03FLMA,2,D00002,-54.12563,-89.55293,NBP-15-11,2015-12-17T19:42:00,GS2,,10,
Global_Southern_Ocean,GS03FLMA,2,R00002,-54.12563,-89.55293,NBP16-10,2016-12-06T09:31:00,GS3,,9,
Global_Southern_Ocean,GS03FLMA,3,D00003,-54.10421167,-89.65421167,NBP16-10,2016-12-01T19:20:00,GS3,,"7, 8",
Global_Southern_Ocean,GS03FLMA,3,R00003,-54.10421167,-89.65421167,NBP17-09,2017-12-03T17:19:00,GS4,,,
Global_Southern_Ocean,GS03FLMB,1,D00001,-54.0803,-88.9346,AT-26-29,2015-02-23T20:19:00,GS1,,10,
Global_Southern_Ocean,GS03FLMB,1,R00001,-54.0803,-88.9346,NBP-15-11,2015-12-19T18:40:00,GS2,,12,
Global_Southern_Ocean,GS03FLMB,2,D00002,-54.0824,-88.85905,NBP-15-11,2015-12-16T19:33:00,GS2,,9,
Global_Southern_Ocean,GS03FLMB,2,R00002,-54.0824,-88.85905,NBP16-10,2016-12-05T11:45:00,GS3,,12,
Global_Southern_Ocean,GS03FLMB,3,D00003,-54.08030667,-88.93177167,NBP16-10,2016-12-03T19:08:00,GS3,,"10, 11",
Global_Southern_Ocean,GS03FLMB,3,R00003,-54.08030667,-88.93177167,NBP17-09,2017-12-03T12:32:00,GS4,,,
Global_Southern_Ocean,GS05MOAS-GL484,1,D00001,-54.426925,-89.283383,AT-26-29,2015-02-20T20:15:00,GS1,,,
Global_Southern_Ocean,GS05MOAS-GL484,1,R00001,-54.426925,-89.283383,AT-26-29,2015-02-21T23:05:00,GS1,,,
Global_Southern_Ocean,GS05MOAS-GL485,1,D00001,-54.47977,-89.37715,AT-26-29,2015-02-21T16:28:00,GS1,,,
Global_Southern_Ocean,GS05MOAS-GL485,1,R00001,-54.47977,-89.37715,AT-26-29,2015-02-24T11:45:00,GS1,,,
Global_Southern_Ocean,GS05MOAS-GL486,1,D00001,-54.4082,-89.35758,AT-26-29,2015-02-21T16:35:00,GS1,,"9, 12",
Global_Southern_Ocean,GS05MOAS-GL486,1,R00001,-54.4082,-89.35758,NBP-15-11,2015-12-20T00:00:00,GS2,,6,
Global_Southern_Ocean,GS05MOAS-GL524,1,D00001,-54.12563,-89.77859,NBP-15-11,2015-12-20T19:50:00,GS2,,13,
Global_Southern_Ocean,GS05MOAS-GL524,1,R00001,-54.12563,-89.77859,,2016-04-11T00:00:00,,,,
Global_Southern_Ocean,GS05MOAS-GL560,1,D00001,-54.12483,-89.77665,NBP-15-11,2015-12-20T19:20:00,GS2,,13,
Global_Southern_Ocean,GS05MOAS-GL560,1,R00001,-54.12483,-89.77665,NBP16-10,2016-11-27T00:00:00,GS3,,,
Global_Southern_Ocean,GS05MOAS-GL561,1,D00001,-54.2259,-89.75595,NBP-15-11,2015-12-25T21:41:00,GS2,,,
Global_Southern_Ocean,GS05MOAS-GL561,1,R00001,-54.2259,-89.75595,,2016-11-03T23:59:00,,,,
Global_Southern_Ocean,GS05MOAS-PG565,1,D00001,-54.12519,-89.76248,NBP-15-11,2015-12-20T17:46:00,GS2,,13,
Global_Southern_Ocean,GS05MOAS-PG565,1,R00001,-54.12519,-89.76248,,2016-11-21T00:00:00,,,,
Global_Southern_Ocean,GS05MOAS-PG566,1,D00001,-54.12559,-89.75086,NBP-15-11,2015-12-20T17:16:00,GS2,,13,
Global_Southern_Ocean,GS05MOAS-PG566,1,R00001,-54.12559,-89.75086,,2016-10-12T11:45:00,,,,