reference_designator,method,stream
CE01ISSM-MFD35-01-VEL3DD000,recovered_inst,vel3d_cd_dcl_velocity_data_recovered
CE01ISSM-MFD35-02-PRESFA000,recovered_inst,presf_abc_tide_measurement_recovered
CE01ISSM-MFD35-02-PRESFA000,recovered_inst,presf_abc_wave_burst_recovered
CE01ISSM-MFD35-04-ADCPTM000,recovered_inst,adcp_velocity_earth
CE01ISSM-MFD35-04-ADCPTM000,recovered_inst,adcpt_m_instrument_dspec_recovered
CE01ISSM-MFD35-04-ADCPTM000,recovered_inst,adcpt_m_instrument_log9_recovered
CE01ISSM-MFD35-04-ADCPTM000,recovered_inst,adcpt_m_wvs_recovered
CE01ISSM-MFD35-05-PCO2WB000,recovered_inst,pco2w_abc_instrument
CE01ISSM-MFD35-05-PCO2WB000,recovered_inst,pco2w_abc_instrument_blank
CE01ISSM-MFD35-06-PHSEND000,recovered_inst,phsen_abcdef_instrument
CE01ISSM-MFD37-01-OPTAAD000,recovered_host,optaa_dj_dcl_instrument_recovered
CE01ISSM-MFD37-03-CTDBPC000,recovered_inst,ctdbp_cdef_instrument_recovered
CE01ISSM-MFD37-03-DOSTAD000,recovered_inst,dosta_abcdjm_ctdbp_instrument_recovered
CE01ISSM-MFD37-07-ZPLSCC000,telemetered,zplsc_c_instrument
CE01ISSM-RID16-01-OPTAAD000,recovered_host,optaa_dj_dcl_instrument_recovered
CE01ISSM-RID16-02-FLORTD000,recovered_host,flort_sample
CE01ISSM-RID16-03-CTDBPC000,recovered_inst,ctdbp_cdef_instrument_recovered
CE01ISSM-RID16-03-DOSTAD000,recovered_inst,dosta_abcdjm_ctdbp_instrument_recovered
CE01ISSM-RID16-04-VELPTA000,recovered_inst,velpt_ab_instrument_recovered
CE01ISSM-RID16-05-PCO2WB000,recovered_inst,pco2w_abc_instrument
CE01ISSM-RID16-05-PCO2WB000,recovered_inst,pco2w_abc_instrument_blank
CE01ISSM-RID16-06-PHSEND000,recovered_inst,phsen_abcdef_instrument
CE01ISSM-RID16-07-NUTNRB000,recovered_inst,nutnr_b_dark_instrument_recovered
CE01ISSM-RID16-07-NUTNRB000,recovered_inst,nutnr_b_instrument_recovered
CE01ISSM-RID16-08-SPKIRB000,recovered_host,spkir_abj_dcl_instrument_recovered
CE01ISSM-SBD17-04-VELPTA000,recovered_inst,velpt_ab_instrument_recovered
CE01ISSM-SBD17-06-CTDBPC000,telemetered,ctdbp_cdef_dcl_instrument
CE01ISSM-SBD17-06-FLORTD000,telemetered,flort_sample
CE01ISSP-SP001-02-DOSTAJ000,recovered_cspp,dosta_abcdjm_cspp_instrument_recovered
CE01ISSP-SP001-04-OPTAAJ000,recovered_cspp,optaa_dj_cspp_instrument_recovered
CE01ISSP-SP001-05-VELPTJ000,recovered_cspp,velpt_j_cspp_instrument_recovered
CE01ISSP-SP001-06-NUTNRJ000,recovered_cspp,nutnr_j_cspp_dark_instrument_recovered
CE01ISSP-SP001-06-NUTNRJ000,recovered_cspp,nutnr_j_cspp_instrument_recovered
CE01ISSP-SP001-07-SPKIRJ000,recovered_cspp,spkir_abj_cspp_instrument_recovered
CE01ISSP-SP001-08-FLORTJ000,recovered_cspp,flort_dj_cspp_instrument_recovered
CE01ISSP-SP001-09-CTDPFJ000,recovered_cspp,ctdpf_j_cspp_instrument_recovered
CE01ISSP-SP001-10-PARADJ000,recovered_cspp,parad_j_cspp_instrument_recovered
CE02SHBP-LJ01D-05-ADCPTB104,streamed,adcp_velocity_beam
CE02SHBP-LJ01D-06-CTDBPN106,streamed,ctdbp_no_sample
CE02SHBP-LJ01D-07-VEL3DC108,streamed,vel3d_cd_velocity_data
CE02SHBP-LJ01D-08-OPTAAD106,streamed,optaa_sample
CE02SHBP-LJ01D-09-PCO2WB103,streamed,pco2w_b_sami_data_record
CE02SHBP-LJ01D-09-PCO2WB103,streamed,pco2w_b_sami_data_record_cal
CE02SHBP-LJ01D-10-PHSEND103,streamed,phsen_data_record
CE02SHBP-MJ01C-07-ZPLSCB101,streamed,zplsc_echogram_data
CE02SHSM-RID26-01-ADCPTA000,recovered_inst,adcp_velocity_earth
CE02SHSM-RID26-04-VELPTA000,recovered_inst,velpt_ab_instrument_recovered
CE02SHSM-RID26-06-PHSEND000,recovered_inst,phsen_abcdef_instrument
CE02SHSM-RID26-07-NUTNRB000,recovered_inst,nutnr_b_dark_instrument_recovered
CE02SHSM-RID26-07-NUTNRB000,recovered_inst,nutnr_b_instrument_recovered
CE02SHSM-RID26-08-SPKIRB000,recovered_host,spkir_abj_dcl_instrument_recovered
CE02SHSM-RID27-01-OPTAAD000,recovered_host,optaa_dj_dcl_instrument_recovered
CE02SHSM-RID27-02-FLORTD000,recovered_host,flort_sample
CE02SHSM-RID27-03-CTDBPC000,recovered_inst,ctdbp_cdef_instrument_recovered
CE02SHSM-RID27-04-DOSTAD000,recovered_host,dosta_abcdjm_dcl_instrument_recovered
CE02SHSM-SBD11-04-VELPTA000,recovered_inst,velpt_ab_instrument_recovered
CE02SHSM-SBD11-06-METBKA000,recovered_host,metbk_a_dcl_instrument_recovered
CE02SHSM-SBD11-06-METBKA000,recovered_host,metbk_hourly
CE02SHSM-SBD12-04-PCO2AA000,recovered_host,pco2a_a_dcl_instrument_air_recovered
CE02SHSM-SBD12-04-PCO2AA000,recovered_host,pco2a_a_dcl_instrument_water_recovered
CE02SHSM-SBD12-05-WAVSSA000,recovered_host,wavss_a_dcl_fourier_recovered
CE02SHSM-SBD12-05-WAVSSA000,recovered_host,wavss_a_dcl_mean_directional_recovered
CE02SHSM-SBD12-05-WAVSSA000,recovered_host,wavss_a_dcl_motion_recovered
CE02SHSM-SBD12-05-WAVSSA000,recovered_host,wavss_a_dcl_non_directional_recovered
CE02SHSM-SBD12-05-WAVSSA000,recovered_host,wavss_a_dcl_statistics_recovered
CE02SHSM-SBD12-08-FDCHPA000,recovered_inst,fdchp_a_instrument_recovered
CE02SHSP-SP001-01-DOSTAJ000,recovered_cspp,dosta_abcdjm_cspp_instrument_recovered
CE02SHSP-SP001-02-VELPTJ000,recovered_cspp,velpt_j_cspp_instrument_recovered
CE02SHSP-SP001-04-OPTAAJ000,recovered_cspp,optaa_dj_cspp_instrument_recovered
CE02SHSP-SP001-05-NUTNRJ000,recovered_cspp,nutnr_j_cspp_dark_instrument_recovered
CE02SHSP-SP001-05-NUTNRJ000,recovered_cspp,nutnr_j_cspp_instrument_recovered
CE02SHSP-SP001-06-SPKIRJ000,recovered_cspp,spkir_abj_cspp_instrument_recovered
CE02SHSP-SP001-07-FLORTJ000,recovered_cspp,flort_dj_cspp_instrument_recovered
CE02SHSP-SP001-08-CTDPFJ000,recovered_cspp,ctdpf_j_cspp_instrument_recovered
CE02SHSP-SP001-09-PARADJ000,recovered_cspp,parad_j_cspp_instrument_recovered
CE02SHSP-SP002-01-DOSTAJ000,recovered_cspp,dosta_abcdjm_cspp_instrument_recovered
CE02SHSP-SP002-02-VELPTJ000,recovered_cspp,velpt_j_cspp_instrument_recovered
CE02SHSP-SP002-04-OPTAAJ000,recovered_cspp,optaa_dj_cspp_instrument_recovered
CE02SHSP-SP002-05-NUTNRJ000,recovered_cspp,nutnr_j_cspp_dark_instrument_recovered
CE02SHSP-SP002-05-NUTNRJ000,recovered_cspp,nutnr_j_cspp_instrument_recovered
CE02SHSP-SP002-06-SPKIRJ000,recovered_cspp,spkir_abj_cspp_instrument_recovered
CE02SHSP-SP002-07-FLORTJ000,recovered_cspp,flort_dj_cspp_instrument_recovered
CE02SHSP-SP002-08-CTDPFJ000,recovered_cspp,ctdpf_j_cspp_instrument_recovered
CE02SHSP-SP002-09-PARADJ000,recovered_cspp,parad_j_cspp_instrument_recovered
CE04OSBP-LJ01C-05-ADCPSI103,streamed,adcp_velocity_beam
CE04OSBP-LJ01C-06-CTDBPO108,streamed,ctdbp_no_sample
CE04OSBP-LJ01C-07-VEL3DC107,streamed,vel3d_cd_velocity_data
CE04OSBP-LJ01C-08-OPTAAC104,streamed,optaa_sample
CE04OSBP-LJ01C-09-PCO2WB104,streamed,pco2w_b_sami_data_record
CE04OSBP-LJ01C-09-PCO2WB104,streamed,pco2w_b_sami_data_record_cal
CE04OSBP-LJ01C-10-PHSEND107,streamed,phsen_data_record
CE04OSPD-DP01B-01-CTDPFL105,recovered_inst,dpc_ctd_instrument_recovered
CE04OSPD-DP01B-02-VEL3DA105,recovered_inst,dpc_acm_instrument_recovered
CE04OSPD-DP01B-04-FLNTUA103,recovered_inst,dpc_flnturtd_instrument_recovered
CE04OSPD-DP01B-06-DOSTAD105,recovered_inst,dpc_optode_instrument_recovered
CE04OSPS-PC01B-4A-CTDPFA109,streamed,ctdpf_optode_sample
CE04OSPS-PC01B-4B-PHSENA106,streamed,phsen_data_record
CE04OSPS-PC01B-4D-PCO2WA105,streamed,pco2w_a_sami_data_record
CE04OSPS-PC01B-4D-PCO2WA105,streamed,pco2w_a_sami_data_record_cal
CE04OSPS-SF01B-2A-CTDPFA107,streamed,ctdpf_sbe43_sample
CE04OSPS-SF01B-2B-PHSENA108,streamed,phsen_data_record
CE04OSPS-SF01B-3A-FLORTD104,streamed,flort_d_data_record
CE04OSPS-SF01B-3B-OPTAAD105,streamed,optaa_sample
CE04OSPS-SF01B-3C-PARADA102,streamed,parad_sa_sample
CE04OSPS-SF01B-3D-SPKIRA102,streamed,spkir_data_record
CE04OSPS-SF01B-4A-NUTNRA102,streamed,nutnr_a_dark_sample
CE04OSPS-SF01B-4A-NUTNRA102,streamed,nutnr_a_sample
CE04OSPS-SF01B-4B-VELPTD106,streamed,velpt_velocity_data
CE04OSPS-SF01B-4F-PCO2WA102,streamed,pco2w_a_sami_data_record
CE04OSPS-SF01B-4F-PCO2WA102,streamed,pco2w_a_sami_data_record_cal
CE04OSSM-RID26-01-ADCPTC000,recovered_inst,adcp_velocity_earth
CE04OSSM-RID26-04-VELPTA000,recovered_inst,velpt_ab_instrument_recovered
CE04OSSM-RID26-06-PHSEND000,recovered_inst,phsen_abcdef_instrument
CE04OSSM-RID26-07-NUTNRB000,recovered_inst,nutnr_b_dark_instrument_recovered
CE04OSSM-RID26-07-NUTNRB000,recovered_inst,nutnr_b_instrument_recovered
CE04OSSM-RID26-08-SPKIRB000,recovered_host,spkir_abj_dcl_instrument_recovered
CE04OSSM-RID27-01-OPTAAD000,recovered_host,optaa_dj_dcl_instrument_recovered
CE04OSSM-RID27-02-FLORTD000,recovered_host,flort_sample
CE04OSSM-RID27-03-CTDBPC000,recovered_inst,ctdbp_cdef_instrument_recovered
CE04OSSM-RID27-04-DOSTAD000,recovered_host,dosta_abcdjm_dcl_instrument_recovered
CE04OSSM-SBD11-04-VELPTA000,recovered_inst,velpt_ab_instrument_recovered
CE04OSSM-SBD11-06-METBKA000,recovered_host,metbk_a_dcl_instrument_recovered
CE04OSSM-SBD11-06-METBKA000,recovered_host,metbk_hourly
CE04OSSM-SBD12-04-PCO2AA000,recovered_host,pco2a_a_dcl_instrument_air_recovered
CE04OSSM-SBD12-04-PCO2AA000,recovered_host,pco2a_a_dcl_instrument_water_recovered
CE04OSSM-SBD12-05-WAVSSA000,recovered_host,wavss_a_dcl_fourier_recovered
CE04OSSM-SBD12-05-WAVSSA000,recovered_host,wavss_a_dcl_mean_directional_recovered
CE04OSSM-SBD12-05-WAVSSA000,recovered_host,wavss_a_dcl_motion_recovered
CE04OSSM-SBD12-05-WAVSSA000,recovered_host,wavss_a_dcl_non_directional_recovered
CE04OSSM-SBD12-05-WAVSSA000,recovered_host,wavss_a_dcl_statistics_recovered
CE05MOAS-GL247-01-PARADM000,recovered_host,parad_m_glider_recovered
CE05MOAS-GL247-02-FLORTM000,recovered_host,flort_m_sample
CE05MOAS-GL247-03-ADCPAM000,recovered_host,adcp_bottom_track_earth
CE05MOAS-GL247-03-ADCPAM000,recovered_host,adcp_velocity_glider
CE05MOAS-GL247-04-DOSTAM000,recovered_host,dosta_abcdjm_glider_recovered
CE05MOAS-GL247-05-CTDGVM000,recovered_host,ctdgv_m_glider_instrument_recovered
CE05MOAS-GL311-01-PARADM000,recovered_host,parad_m_glider_recovered
CE05MOAS-GL311-02-FLORTM000,recovered_host,flort_m_sample
CE05MOAS-GL311-03-ADCPAM000,recovered_host,adcp_bottom_track_earth
CE05MOAS-GL311-03-ADCPAM000,recovered_host,adcp_velocity_glider
CE05MOAS-GL311-04-DOSTAM000,recovered_host,dosta_abcdjm_glider_recovered
CE05MOAS-GL311-05-CTDGVM000,recovered_host,ctdgv_m_glider_instrument_recovered
CE05MOAS-GL312-01-PARADM000,recovered_host,parad_m_glider_recovered
CE05MOAS-GL312-02-FLORTM000,recovered_host,flort_m_sample
CE05MOAS-GL312-03-ADCPAM000,recovered_host,adcp_bottom_track_earth
CE05MOAS-GL312-03-ADCPAM000,recovered_host,adcp_velocity_glider
CE05MOAS-GL312-04-DOSTAM000,recovered_host,dosta_abcdjm_glider_recovered
CE05MOAS-GL312-05-CTDGVM000,recovered_host,ctdgv_m_glider_instrument_recovered
CE05MOAS-GL319-01-PARADM000,recovered_host,parad_m_glider_recovered
CE05MOAS-GL319-02-FLORTM000,recovered_host,flort_m_sample
CE05MOAS-GL319-03-ADCPAM000,recovered_host,adcp_bottom_track_earth
CE05MOAS-GL319-03-ADCPAM000,recovered_host,adcp_velocity_glider
CE05MOAS-GL319-04-DOSTAM000,recovered_host,dosta_abcdjm_glider_recovered
CE05MOAS-GL319-05-CTDGVM000,recovered_host,ctdgv_m_glider_instrument_recovered
CE05MOAS-GL320-01-PARADM000,recovered_host,parad_m_glider_recovered
CE05MOAS-GL320-02-FLORTM000,recovered_host,flort_m_sample
CE05MOAS-GL320-03-ADCPAM000,recovered_host,adcp_bottom_track_earth
CE05MOAS-GL320-03-ADCPAM000,recovered_host,adcp_velocity_glider
CE05MOAS-GL320-04-DOSTAM000,recovered_host,dosta_abcdjm_glider_recovered
CE05MOAS-GL320-05-CTDGVM000,recovered_host,ctdgv_m_glider_instrument_recovered
CE05MOAS-GL326-01-PARADM000,recovered_host,parad_m_glider_recovered
CE05MOAS-GL326-02-FLORTM000,recovered_host,flort_m_sample
CE05MOAS-GL326-03-ADCPAM000,recovered_host,adcp_bottom_track_earth
CE05MOAS-GL326-03-ADCPAM000,recovered_host,adcp_velocity_glider
CE05MOAS-GL326-04-DOSTAM000,recovered_host,dosta_abcdjm_glider_recovered
CE05MOAS-GL326-05-CTDGVM000,recovered_host,ctdgv_m_glider_instrument_recovered
CE05MOAS-GL327-01-PARADM000,recovered_host,parad_m_glider_recovered
CE05MOAS-GL327-02-FLORTM000,recovered_host,flort_m_sample
CE05MOAS-GL327-03-ADCPAM000,recovered_host,adcp_bottom_track_earth
CE05MOAS-GL327-03-ADCPAM000,recovered_host,adcp_velocity_glider
CE05MOAS-GL327-04-DOSTAM000,recovered_host,dosta_abcdjm_glider_recovered
CE05MOAS-GL327-05-CTDGVM000,recovered_host,ctdgv_m_glider_instrument_recovered
CE05MOAS-GL381-01-PARADM000,recovered_host,parad_m_glider_recovered
CE05MOAS-GL381-02-FLORTM000,recovered_host,flort_m_sample
CE05MOAS-GL381-03-ADCPAM000,recovered_host,adcp_bottom_track_earth
CE05MOAS-GL381-03-ADCPAM000,recovered_host,adcp_velocity_glider
CE05MOAS-GL381-04-DOSTAM000,recovered_host,dosta_abcdjm_glider_recovered
CE05MOAS-GL381-05-CTDGVM000,recovered_host,ctdgv_m_glider_instrument_recovered
CE05MOAS-GL382-01-PARADM000,recovered_host,parad_m_glider_recovered
CE05MOAS-GL382-02-FLORTM000,recovered_host,flort_m_sample
CE05MOAS-GL382-03-ADCPAM000,recovered_host,adcp_bottom_track_earth
CE05MOAS-GL382-03-ADCPAM000,recovered_host,adcp_velocity_glider
CE05MOAS-GL382-04-DOSTAM000,recovered_host,dosta_abcdjm_glider_recovered
CE05MOAS-GL382-05-CTDGVM000,recovered_host,ctdgv_m_glider_instrument_recovered
CE05MOAS-GL383-01-PARADM000,recovered_host,parad_m_glider_recovered
CE05MOAS-GL383-02-FLORTM000,recovered_host,flort_m_sample
CE05MOAS-GL383-03-ADCPAM000,recovered_host,adcp_bottom_track_earth
CE05MOAS-GL383-03-ADCPAM000,recovered_host,adcp_velocity_glider
CE05MOAS-GL383-04-DOSTAM000,recovered_host,dosta_abcdjm_glider_recovered
CE05MOAS-GL383-05-CTDGVM000,recovered_host,ctdgv_m_glider_instrument_recovered
CE05MOAS-GL384-01-PARADM000,recovered_host,parad_m_glider_recovered
CE05MOAS-GL384-02-FLORTM000,recovered_host,flort_m_sample
CE05MOAS-GL384-03-ADCPAM000,recovered_host,adcp_bottom_track_earth
CE05MOAS-GL384-03-ADCPAM000,recovered_host,adcp_velocity_glider
CE05MOAS-GL384-04-DOSTAM000,recovered_host,dosta_abcdjm_glider_recovered
CE05MOAS-GL384-05-CTDGVM000,recovered_host,ctdgv_m_glider_instrument_recovered
CE05MOAS-GL386-01-PARADM000,recovered_host,parad_m_glider_recovered
CE05MOAS-GL386-02-FLORTM000,recovered_host,flort_m_sample
CE05MOAS-GL386-03-ADCPAM000,recovered_host,adcp_bottom_track_earth
CE05MOAS-GL386-03-ADCPAM000,recovered_host,adcp_velocity_glider
CE05MOAS-GL386-04-DOSTAM000,recovered_host,dosta_abcdjm_glider_recovered
CE05MOAS-GL386-05-CTDGVM000,recovered_host,ctdgv_m_glider_instrument_recovered
CE06ISSM-MFD35-01-VEL3DD000,recovered_inst,vel3d_cd_dcl_velocity_data_recovered
CE06ISSM-MFD35-02-PRESFA000,recovered_inst,presf_abc_tide_measurement_recovered
CE06ISSM-MFD35-02-PRESFA000,recovered_inst,presf_abc_wave_burst_recovered
CE06ISSM-MFD35-04-ADCPTM000,recovered_inst,adcp_velocity_earth
CE06ISSM-MFD35-04-ADCPTM000,recovered_inst,adcpt_m_instrument_dspec_recovered
CE06ISSM-MFD35-04-ADCPTM000,recovered_inst,adcpt_m_instrument_log9_recovered
CE06ISSM-MFD35-04-ADCPTM000,recovered_inst,adcpt_m_wvs_recovered
CE06ISSM-MFD35-05-PCO2WB000,recovered_inst,pco2w_abc_instrument
CE06ISSM-MFD35-05-PCO2WB000,recovered_inst,pco2w_abc_instrument_blank
CE06ISSM-MFD35-06-PHSEND000,recovered_inst,phsen_abcdef_instrument
CE06ISSM-MFD37-01-OPTAAD000,recovered_host,optaa_dj_dcl_instrument_recovered
CE06ISSM-MFD37-03-CTDBPC000,recovered_inst,ctdbp_cdef_instrument_recovered
CE06ISSM-MFD37-03-DOSTAD000,recovered_inst,dosta_abcdjm_ctdbp_instrument_recovered
CE06ISSM-MFD37-07-ZPLSCC000,recovered_inst,zplsc_echogram_data
CE06ISSM-RID16-01-OPTAAD000,recovered_host,optaa_dj_dcl_instrument_recovered
CE06ISSM-RID16-02-FLORTD000,recovered_host,flort_sample
CE06ISSM-RID16-03-CTDBPC000,recovered_inst,ctdbp_cdef_instrument_recovered
CE06ISSM-RID16-03-DOSTAD000,recovered_inst,dosta_abcdjm_ctdbp_instrument_recovered
CE06ISSM-RID16-04-VELPTA000,recovered_inst,velpt_ab_instrument_recovered
CE06ISSM-RID16-05-PCO2WB000,recovered_inst,pco2w_abc_instrument
CE06ISSM-RID16-05-PCO2WB000,recovered_inst,pco2w_abc_instrument_blank
CE06ISSM-RID16-06-PHSEND000,recovered_inst,phsen_abcdef_instrument
CE06ISSM-RID16-07-NUTNRB000,recovered_inst,nutnr_b_dark_instrument_recovered
CE06ISSM-RID16-07-NUTNRB000,recovered_inst,nutnr_b_instrument_recovered
CE06ISSM-RID16-08-SPKIRB000,recovered_host,spkir_abj_dcl_instrument_recovered
CE06ISSM-SBD17-04-VELPTA000,recovered_inst,velpt_ab_instrument_recovered
CE06ISSM-SBD17-06-CTDBPC000,telemetered,ctdbp_cdef_dcl_instrument
CE06ISSM-SBD17-06-FLORTD000,telemetered,flort_sample
CE06ISSP-SP001-02-DOSTAJ000,recovered_cspp,dosta_abcdjm_cspp_instrument_recovered
CE06ISSP-SP001-04-OPTAAJ000,recovered_cspp,optaa_dj_cspp_instrument_recovered
CE06ISSP-SP001-05-VELPTJ000,recovered_cspp,velpt_j_cspp_instrument_recovered
CE06ISSP-SP001-06-NUTNRJ000,recovered_cspp,nutnr_j_cspp_dark_instrument_recovered
CE06ISSP-SP001-06-NUTNRJ000,recovered_cspp,nutnr_j_cspp_instrument_recovered
CE06ISSP-SP001-07-SPKIRJ000,recovered_cspp,spkir_abj_cspp_instrument_recovered
CE06ISSP-SP001-09-CTDPFJ000,recovered_cspp,ctdpf_j_cspp_instrument_recovered
CE06ISSP-SP001-10-PARADJ000,recovered_cspp,parad_j_cspp_instrument_recovered
CE07SHSM-MFD35-01-VEL3DD000,recovered_inst,vel3d_cd_dcl_velocity_data_recovered
CE07SHSM-MFD35-02-PRESFB000,recovered_inst,presf_abc_tide_measurement_recovered
CE07SHSM-MFD35-02-PRESFB000,recovered_inst,presf_abc_wave_burst_recovered
CE07SHSM-MFD35-04-ADCPTC000,recovered_inst,adcp_velocity_earth
CE07SHSM-MFD35-05-PCO2WB000,recovered_inst,pco2w_abc_instrument
CE07SHSM-MFD35-05-PCO2WB000,recovered_inst,pco2w_abc_instrument_blank
CE07SHSM-MFD35-06-PHSEND000,recovered_inst,phsen_abcdef_instrument
CE07SHSM-MFD37-01-OPTAAD000,recovered_host,optaa_dj_dcl_instrument_recovered
CE07SHSM-MFD37-03-CTDBPC000,recovered_inst,ctdbp_cdef_instrument_recovered
CE07SHSM-MFD37-03-DOSTAD000,recovered_inst,dosta_abcdjm_ctdbp_instrument_recovered
CE07SHSM-MFD37-07-ZPLSCC000,recovered_inst,zplsc_echogram_data
CE07SHSM-RID26-01-ADCPTA000,recovered_inst,adcp_velocity_earth
CE07SHSM-RID26-04-VELPTA000,recovered_inst,velpt_ab_instrument_recovered
CE07SHSM-RID26-06-PHSEND000,recovered_inst,phsen_abcdef_instrument
CE07SHSM-RID26-07-NUTNRB000,recovered_inst,nutnr_b_dark_instrument_recovered
CE07SHSM-RID26-07-NUTNRB000,recovered_inst,nutnr_b_instrument_recovered
CE07SHSM-RID26-08-SPKIRB000,recovered_host,spkir_abj_dcl_instrument_recovered
CE07SHSM-RID27-01-OPTAAD000,recovered_host,optaa_dj_dcl_instrument_recovered
CE07SHSM-RID27-02-FLORTD000,recovered_host,flort_sample
CE07SHSM-RID27-03-CTDBPC000,recovered_inst,ctdbp_cdef_instrument_recovered
CE07SHSM-RID27-04-DOSTAD000,recovered_host,dosta_abcdjm_dcl_instrument_recovered
CE07SHSM-SBD11-04-VELPTA000,recovered_inst,velpt_ab_instrument_recovered
CE07SHSM-SBD11-06-METBKA000,recovered_host,metbk_a_dcl_instrument_recovered
CE07SHSM-SBD11-06-METBKA000,recovered_host,metbk_hourly
CE07SHSM-SBD12-04-PCO2AA000,recovered_host,pco2a_a_dcl_instrument_air_recovered
CE07SHSM-SBD12-04-PCO2AA000,recovered_host,pco2a_a_dcl_instrument_water_recovered
CE07SHSM-SBD12-05-WAVSSA000,recovered_host,wavss_a_dcl_fourier_recovered
CE07SHSM-SBD12-05-WAVSSA000,recovered_host,wavss_a_dcl_mean_directional_recovered
CE07SHSM-SBD12-05-WAVSSA000,recovered_host,wavss_a_dcl_motion_recovered
CE07SHSM-SBD12-05-WAVSSA000,recovered_host,wavss_a_dcl_non_directional_recovered
CE07SHSM-SBD12-05-WAVSSA000,recovered_host,wavss_a_dcl_statistics_recovered
CE07SHSP-SP001-01-DOSTAJ000,recovered_cspp,dosta_abcdjm_cspp_instrument_recovered
CE07SHSP-SP001-02-VELPTJ000,recovered_cspp,velpt_j_cspp_instrument_recovered
CE07SHSP-SP001-04-OPTAAJ000,recovered_cspp,optaa_dj_cspp_instrument_recovered
CE07SHSP-SP001-05-NUTNRJ000,recovered_cspp,nutnr_j_cspp_dark_instrument_recovered
CE07SHSP-SP001-05-NUTNRJ000,recovered_cspp,nutnr_j_cspp_instrument_recovered
CE07SHSP-SP001-06-SPKIRJ000,recovered_cspp,spkir_abj_cspp_instrument_recovered
CE07SHSP-SP001-08-CTDPFJ000,recovered_cspp,ctdpf_j_cspp_instrument_recovered
CE07SHSP-SP001-09-PARADJ000,recovered_cspp,parad_j_cspp_instrument_recovered
CE09OSPM-WFP01-01-VEL3DK000,recovered_wfp,vel3d_k_wfp_instrument
CE09OSPM-WFP01-02-DOFSTK000,recovered_wfp,dofst_k_wfp_instrument_recovered
CE09OSPM-WFP01-03-CTDPFK000,recovered_wfp,ctdpf_ckl_wfp_instrument_recovered
CE09OSPM-WFP01-04-FLORTK000,recovered_wfp,flort_sample
CE09OSPM-WFP01-05-PARADK000,recovered_wfp,parad_k__stc_imodem_instrument_recovered
CE09OSSM-MFD35-01-VEL3DD000,recovered_inst,vel3d_cd_dcl_velocity_data_recovered
CE09OSSM-MFD35-02-PRESFC000,recovered_inst,presf_abc_tide_measurement_recovered
CE09OSSM-MFD35-02-PRESFC000,recovered_inst,presf_abc_wave_burst_recovered
CE09OSSM-MFD35-04-ADCPSJ000,recovered_inst,adcp_velocity_earth
CE09OSSM-MFD35-05-PCO2WB000,recovered_inst,pco2w_abc_instrument
CE09OSSM-MFD35-05-PCO2WB000,recovered_inst,pco2w_abc_instrument_blank
CE09OSSM-MFD35-06-PHSEND000,recovered_inst,phsen_abcdef_instrument
CE09OSSM-MFD37-01-OPTAAC000,recovered_host,optaa_dj_dcl_instrument_recovered
CE09OSSM-MFD37-03-CTDBPE000,recovered_inst,ctdbp_cdef_instrument_recovered
CE09OSSM-MFD37-03-DOSTAD000,recovered_inst,dosta_abcdjm_ctdbp_instrument_recovered
CE09OSSM-MFD37-07-ZPLSCC000,recovered_inst,zplsc_echogram_data
CE09OSSM-RID26-01-ADCPTC000,recovered_inst,adcp_velocity_earth
CE09OSSM-RID26-04-VELPTA000,recovered_inst,velpt_ab_instrument_recovered
CE09OSSM-RID26-06-PHSEND000,recovered_inst,phsen_abcdef_instrument
CE09OSSM-RID26-07-NUTNRB000,recovered_inst,nutnr_b_dark_instrument_recovered
CE09OSSM-RID26-07-NUTNRB000,recovered_inst,nutnr_b_instrument_recovered
CE09OSSM-RID26-08-SPKIRB000,recovered_host,spkir_abj_dcl_instrument_recovered
CE09OSSM-RID27-01-OPTAAD000,recovered_host,optaa_dj_dcl_instrument_recovered
CE09OSSM-RID27-02-FLORTD000,recovered_host,flort_sample
CE09OSSM-RID27-03-CTDBPC000,recovered_inst,ctdbp_cdef_instrument_recovered
CE09OSSM-RID27-04-DOSTAD000,recovered_host,dosta_abcdjm_dcl_instrument_recovered
CE09OSSM-SBD11-04-VELPTA000,recovered_inst,velpt_ab_instrument_recovered
CE09OSSM-SBD11-06-METBKA000,recovered_host,metbk_a_dcl_instrument_recovered
CE09OSSM-SBD11-06-METBKA000,recovered_host,metbk_hourly
CE09OSSM-SBD12-04-PCO2AA000,recovered_host,pco2a_a_dcl_instrument_air_recovered
CE09OSSM-SBD12-04-PCO2AA000,recovered_host,pco2a_a_dcl_instrument_water_recovered
CE09OSSM-SBD12-05-WAVSSA000,recovered_host,wavss_a_dcl_fourier_recovered
CE09OSSM-SBD12-05-WAVSSA000,recovered_host,wavss_a_dcl_mean_directional_recovered
CE09OSSM-SBD12-05-WAVSSA000,recovered_host,wavss_a_dcl_motion_recovered
CE09OSSM-SBD12-05-WAVSSA000,recovered_host,wavss_a_dcl_non_directional_recovered
CE09OSSM-SBD12-05-WAVSSA000,recovered_host,wavss_a_dcl_statistics_recovered
CP01CNPM-RII01-02-ADCPTG010,recovered_inst,adcp_velocity_earth
CP01CNPM-WFP01-01-VEL3DK000,recovered_wfp,vel3d_k_wfp_instrument
CP01CNPM-WFP01-02-DOFSTK000,recovered_wfp,dofst_k_wfp_instrument_recovered
CP01CNPM-WFP01-03-CTDPFK000,recovered_wfp,ctdpf_ckl_wfp_instrument_recovered
CP01CNPM-WFP01-04-FLORTK000,recovered_wfp,flort_sample
CP01CNPM-WFP01-05-PARADK000,recovered_wfp,parad_k__stc_imodem_instrument_recovered
CP01CNSM-MFD35-01-ADCPTF000,recovered_inst,adcp_velocity_earth
CP01CNSM-MFD35-02-PRESFB000,recovered_inst,presf_abc_tide_measurement_recovered
CP01CNSM-MFD35-02-PRESFB000,recovered_inst,presf_abc_wave_burst_recovered
CP01CNSM-MFD35-04-VELPTA000,recovered_inst,velpt_ab_instrument_recovered
CP01CNSM-MFD35-05-PCO2WB000,recovered_inst,pco2w_abc_instrument
CP01CNSM-MFD35-05-PCO2WB000,recovered_inst,pco2w_abc_instrument_blank
CP01CNSM-MFD35-06-PHSEND000,recovered_inst,phsen_abcdef_instrument
CP01CNSM-MFD37-01-OPTAAD000,recovered_host,optaa_dj_dcl_instrument_recovered
CP01CNSM-MFD37-03-CTDBPD000,recovered_inst,ctdbp_cdef_instrument_recovered
CP01CNSM-MFD37-04-DOSTAD000,recovered_host,dosta_abcdjm_dcl_instrument_recovered
CP01CNSM-MFD37-07-ZPLSCC000,telemetered,zplsc_c_instrument
CP01CNSM-RID26-04-VELPTA000,recovered_inst,velpt_ab_instrument_recovered
CP01CNSM-RID26-06-PHSEND000,recovered_inst,phsen_abcdef_instrument
CP01CNSM-RID26-07-NUTNRB000,recovered_inst,nutnr_b_dark_instrument_recovered
CP01CNSM-RID26-07-NUTNRB000,recovered_inst,nutnr_b_instrument_recovered
CP01CNSM-RID26-08-SPKIRB000,recovered_host,spkir_abj_dcl_instrument_recovered
CP01CNSM-RID27-01-OPTAAD000,recovered_host,optaa_dj_dcl_instrument_recovered
CP01CNSM-RID27-02-FLORTD000,recovered_host,flort_sample
CP01CNSM-RID27-03-CTDBPC000,recovered_inst,ctdbp_cdef_instrument_recovered
CP01CNSM-RID27-04-DOSTAD000,recovered_host,dosta_abcdjm_dcl_instrument_recovered
CP01CNSM-SBD11-06-METBKA000,recovered_host,metbk_a_dcl_instrument_recovered
CP01CNSM-SBD11-06-METBKA000,recovered_host,metbk_hourly
CP01CNSM-SBD12-04-PCO2AA000,recovered_host,pco2a_a_dcl_instrument_air_recovered
CP01CNSM-SBD12-04-PCO2AA000,recovered_host,pco2a_a_dcl_instrument_water_recovered
CP01CNSM-SBD12-05-WAVSSA000,recovered_host,wavss_a_dcl_fourier_recovered
CP01CNSM-SBD12-05-WAVSSA000,recovered_host,wavss_a_dcl_mean_directional_recovered
CP01CNSM-SBD12-05-WAVSSA000,recovered_host,wavss_a_dcl_motion_recovered
CP01CNSM-SBD12-05-WAVSSA000,recovered_host,wavss_a_dcl_non_directional_recovered
CP01CNSM-SBD12-05-WAVSSA000,recovered_host,wavss_a_dcl_statistics_recovered
CP01CNSM-SBD12-06-METBKA000,recovered_host,metbk_a_dcl_instrument_recovered
CP01CNSM-SBD12-06-METBKA000,recovered_host,metbk_hourly
CP01CNSM-SBD12-08-FDCHPA000,recovered_inst,fdchp_a_instrument_recovered
CP01CNSP-SP001-02-OPTAAJ000,recovered_cspp,optaa_dj_cspp_instrument_recovered
CP01CNSP-SP001-03-NUTNRJ000,recovered_cspp,nutnr_j_cspp_dark_instrument_recovered
CP01CNSP-SP001-03-NUTNRJ000,recovered_cspp,nutnr_j_cspp_instrument_recovered
CP01CNSP-SP001-05-VELPTJ000,recovered_cspp,velpt_j_cspp_instrument_recovered
CP01CNSP-SP001-06-DOSTAJ000,recovered_cspp,dosta_abcdjm_cspp_instrument_recovered
CP01CNSP-SP001-07-SPKIRJ000,recovered_cspp,spkir_abj_cspp_instrument_recovered
CP01CNSP-SP001-08-CTDPFJ000,recovered_cspp,ctdpf_j_cspp_instrument_recovered
CP01CNSP-SP001-09-FLORTJ000,recovered_cspp,flort_dj_cspp_instrument_recovered
CP01CNSP-SP001-10-PARADJ000,recovered_cspp,parad_j_cspp_instrument_recovered
CP02PMCI-RII01-02-ADCPTG010,recovered_inst,adcp_velocity_earth
CP02PMCI-WFP01-01-VEL3DK000,recovered_wfp,vel3d_k_wfp_instrument
CP02PMCI-WFP01-02-DOFSTK000,recovered_wfp,dofst_k_wfp_instrument_recovered
CP02PMCI-WFP01-03-CTDPFK000,recovered_wfp,ctdpf_ckl_wfp_instrument_recovered
CP02PMCI-WFP01-04-FLORTK000,recovered_wfp,flort_sample
CP02PMCI-WFP01-05-PARADK000,recovered_wfp,parad_k__stc_imodem_instrument_recovered
CP02PMCO-RII01-02-ADCPTG010,recovered_inst,adcp_velocity_earth
CP02PMCO-WFP01-01-VEL3DK000,recovered_wfp,vel3d_k_wfp_instrument
CP02PMCO-WFP01-02-DOFSTK000,recovered_wfp,dofst_k_wfp_instrument_recovered
CP02PMCO-WFP01-03-CTDPFK000,recovered_wfp,ctdpf_ckl_wfp_instrument_recovered
CP02PMCO-WFP01-04-FLORTK000,recovered_wfp,flort_sample
CP02PMCO-WFP01-05-PARADK000,recovered_wfp,parad_k__stc_imodem_instrument_recovered
CP02PMUI-RII01-02-ADCPTG010,recovered_inst,adcp_velocity_earth
CP02PMUI-WFP01-01-VEL3DK000,recovered_wfp,vel3d_k_wfp_instrument
CP02PMUI-WFP01-02-DOFSTK000,recovered_wfp,dofst_k_wfp_instrument_recovered
CP02PMUI-WFP01-03-CTDPFK000,recovered_wfp,ctdpf_ckl_wfp_instrument_recovered
CP02PMUI-WFP01-04-FLORTK000,recovered_wfp,flort_sample
CP02PMUI-WFP01-05-PARADK000,recovered_wfp,parad_k__stc_imodem_instrument_recovered
CP02PMUO-RII01-02-ADCPSL010,recovered_inst,adcp_velocity_earth
CP02PMUO-WFP01-01-VEL3DK000,recovered_wfp,vel3d_k_wfp_instrument
CP02PMUO-WFP01-02-DOFSTK000,recovered_wfp,dofst_k_wfp_instrument_recovered
CP02PMUO-WFP01-03-CTDPFK000,recovered_wfp,ctdpf_ckl_wfp_instrument_recovered
CP02PMUO-WFP01-04-FLORTK000,recovered_wfp,flort_sample
CP02PMUO-WFP01-05-PARADK000,recovered_wfp,parad_k__stc_imodem_instrument_recovered
CP03ISPM-RII01-02-ADCPTG010,recovered_host,adcps_jln_stc_instrument_recovered
CP03ISPM-WFP01-01-VEL3DK000,recovered_wfp,vel3d_k_wfp_instrument
CP03ISPM-WFP01-02-DOFSTK000,recovered_wfp,dofst_k_wfp_instrument_recovered
CP03ISPM-WFP01-03-CTDPFK000,recovered_wfp,ctdpf_ckl_wfp_instrument_recovered
CP03ISPM-WFP01-04-FLORTK000,recovered_wfp,flort_sample
CP03ISPM-WFP01-05-PARADK000,recovered_wfp,parad_k__stc_imodem_instrument_recovered
CP03ISSM-MFD35-01-ADCPTF000,recovered_inst,adcp_velocity_earth
CP03ISSM-MFD35-02-PRESFB000,recovered_inst,presf_abc_tide_measurement_recovered
CP03ISSM-MFD35-02-PRESFB000,recovered_inst,presf_abc_wave_burst_recovered
CP03ISSM-MFD35-04-VELPTA000,recovered_inst,velpt_ab_instrument_recovered
CP03ISSM-MFD35-05-PCO2WB000,recovered_inst,pco2w_abc_instrument
CP03ISSM-MFD35-05-PCO2WB000,recovered_inst,pco2w_abc_instrument_blank
CP03ISSM-MFD35-06-PHSEND000,recovered_inst,phsen_abcdef_instrument
CP03ISSM-MFD37-01-OPTAAD000,recovered_host,optaa_dj_dcl_instrument_recovered
CP03ISSM-MFD37-03-CTDBPD000,recovered_inst,ctdbp_cdef_instrument_recovered
CP03ISSM-MFD37-04-DOSTAD000,recovered_host,dosta_abcdjm_dcl_instrument_recovered
CP03ISSM-MFD37-07-ZPLSCC000,telemetered,zplsc_c_instrument
CP03ISSM-RID26-04-VELPTA000,recovered_inst,velpt_ab_instrument_recovered
CP03ISSM-RID26-06-PHSEND000,recovered_inst,phsen_abcdef_instrument
CP03ISSM-RID26-07-NUTNRB000,recovered_inst,nutnr_b_dark_instrument_recovered
CP03ISSM-RID26-07-NUTNRB000,recovered_inst,nutnr_b_instrument_recovered
CP03ISSM-RID26-08-SPKIRB000,recovered_host,spkir_abj_dcl_instrument_recovered
CP03ISSM-RID27-01-OPTAAD000,recovered_host,optaa_dj_dcl_instrument_recovered
CP03ISSM-RID27-02-FLORTD000,recovered_host,flort_sample
CP03ISSM-RID27-03-CTDBPC000,recovered_inst,ctdbp_cdef_instrument_recovered
CP03ISSM-RID27-04-DOSTAD000,recovered_host,dosta_abcdjm_dcl_instrument_recovered
CP03ISSM-SBD11-06-METBKA000,recovered_host,metbk_a_dcl_instrument_recovered
CP03ISSM-SBD11-06-METBKA000,recovered_host,metbk_hourly
CP03ISSM-SBD12-04-PCO2AA000,recovered_host,pco2a_a_dcl_instrument_air_recovered
CP03ISSM-SBD12-04-PCO2AA000,recovered_host,pco2a_a_dcl_instrument_water_recovered
CP03ISSP-SP001-05-VELPTJ000,telemetered,velpt_j_cspp_instrument
CP03ISSP-SP001-06-DOSTAJ000,telemetered,dosta_abcdjm_cspp_instrument
CP03ISSP-SP001-07-SPKIRJ000,telemetered,spkir_abj_cspp_instrument
CP03ISSP-SP001-08-CTDPFJ000,telemetered,ctdpf_j_cspp_instrument
CP03ISSP-SP001-09-FLORTJ000,telemetered,flort_dj_cspp_instrument
CP03ISSP-SP001-10-PARADJ000,telemetered,parad_j_cspp_instrument
CP04OSPM-RII01-02-ADCPSL010,recovered_inst,adcp_velocity_earth
CP04OSPM-WFP01-01-VEL3DK000,recovered_wfp,vel3d_k_wfp_instrument
CP04OSPM-WFP01-02-DOFSTK000,recovered_wfp,dofst_k_wfp_instrument_recovered
CP04OSPM-WFP01-03-CTDPFK000,recovered_wfp,ctdpf_ckl_wfp_instrument_recovered
CP04OSPM-WFP01-04-FLORTK000,recovered_wfp,flort_sample
CP04OSPM-WFP01-05-PARADK000,recovered_wfp,parad_k__stc_imodem_instrument_recovered
CP04OSSM-MFD35-01-ADCPSJ000,recovered_inst,adcp_velocity_earth
CP04OSSM-MFD35-02-PRESFC000,recovered_inst,presf_abc_tide_measurement_recovered
CP04OSSM-MFD35-02-PRESFC000,recovered_inst,presf_abc_wave_burst_recovered
CP04OSSM-MFD35-04-VELPTB000,recovered_inst,velpt_ab_instrument_recovered
CP04OSSM-MFD35-05-PCO2WB000,recovered_inst,pco2w_abc_instrument
CP04OSSM-MFD35-05-PCO2WB000,recovered_inst,pco2w_abc_instrument_blank
CP04OSSM-MFD35-06-PHSEND000,recovered_inst,phsen_abcdef_instrument
CP04OSSM-MFD37-01-OPTAAD000,recovered_host,optaa_dj_dcl_instrument_recovered
CP04OSSM-MFD37-03-CTDBPE000,recovered_inst,ctdbp_cdef_instrument_recovered
CP04OSSM-MFD37-04-DOSTAD000,recovered_host,dosta_abcdjm_dcl_instrument_recovered
CP04OSSM-MFD37-07-ZPLSCC000,telemetered,zplsc_c_instrument
CP04OSSM-RID26-04-VELPTA000,recovered_inst,velpt_ab_instrument_recovered
CP04OSSM-RID26-06-PHSEND000,recovered_inst,phsen_abcdef_instrument
CP04OSSM-RID26-07-NUTNRB000,recovered_inst,nutnr_b_dark_instrument_recovered
CP04OSSM-RID26-07-NUTNRB000,recovered_inst,nutnr_b_instrument_recovered
CP04OSSM-RID26-08-SPKIRB000,recovered_host,spkir_abj_dcl_instrument_recovered
CP04OSSM-RID27-01-OPTAAD000,recovered_host,optaa_dj_dcl_instrument_recovered
CP04OSSM-RID27-02-FLORTD000,recovered_host,flort_sample
CP04OSSM-RID27-03-CTDBPC000,recovered_inst,ctdbp_cdef_instrument_recovered
CP04OSSM-RID27-04-DOSTAD000,recovered_host,dosta_abcdjm_dcl_instrument_recovered
CP04OSSM-SBD11-06-METBKA000,recovered_host,metbk_a_dcl_instrument_recovered
CP04OSSM-SBD11-06-METBKA000,recovered_host,metbk_hourly
CP04OSSM-SBD12-04-PCO2AA000,recovered_host,pco2a_a_dcl_instrument_air_recovered
CP04OSSM-SBD12-04-PCO2AA000,recovered_host,pco2a_a_dcl_instrument_water_recovered
CP05MOAS-A6263-02-DOSTAN000,recovered_host,dosta_ln_auv_instrument_recovered
CP05MOAS-A6263-04-NUTNRN000,recovered_host,nutnr_n_dark_instrument_recovered
CP05MOAS-A6263-04-NUTNRN000,recovered_host,nutnr_n_instrument_recovered
CP05MOAS-A6263-06-PARADN000,recovered_host,parad_n_auv_instrument_recovered
CP05MOAS-A6264-02-DOSTAN000,recovered_host,dosta_ln_auv_instrument_recovered
CP05MOAS-A6264-04-NUTNRN000,recovered_host,nutnr_n_dark_instrument_recovered
CP05MOAS-A6264-04-NUTNRN000,recovered_host,nutnr_n_instrument_recovered
CP05MOAS-A6264-06-PARADN000,recovered_host,parad_n_auv_instrument_recovered
CP05MOAS-GL335-01-ADCPAM000,recovered_host,adcp_bottom_track_earth
CP05MOAS-GL335-01-ADCPAM000,recovered_host,adcp_velocity_glider
CP05MOAS-GL335-02-FLORTM000,recovered_host,flort_m_sample
CP05MOAS-GL335-03-CTDGVM000,recovered_host,ctdgv_m_glider_instrument_recovered
CP05MOAS-GL335-04-DOSTAM000,recovered_host,dosta_abcdjm_glider_recovered
CP05MOAS-GL335-05-PARADM000,recovered_host,parad_m_glider_recovered
CP05MOAS-GL336-01-ADCPAM000,recovered_host,adcp_bottom_track_earth
CP05MOAS-GL336-01-ADCPAM000,recovered_host,adcp_velocity_glider
CP05MOAS-GL336-02-FLORTM000,recovered_host,flort_m_sample
CP05MOAS-GL336-03-CTDGVM000,recovered_host,ctdgv_m_glider_instrument_recovered
CP05MOAS-GL336-04-DOSTAM000,recovered_host,dosta_abcdjm_glider_recovered
CP05MOAS-GL336-05-PARADM000,recovered_host,parad_m_glider_recovered
CP05MOAS-GL339-01-ADCPAM000,recovered_host,adcp_bottom_track_earth
CP05MOAS-GL339-01-ADCPAM000,recovered_host,adcp_velocity_glider
CP05MOAS-GL339-02-FLORTM000,recovered_host,flort_m_sample
CP05MOAS-GL339-03-CTDGVM000,recovered_host,ctdgv_m_glider_instrument_recovered
CP05MOAS-GL339-04-DOSTAM000,recovered_host,dosta_abcdjm_glider_recovered
CP05MOAS-GL339-05-PARADM000,recovered_host,parad_m_glider_recovered
CP05MOAS-GL340-01-ADCPAM000,recovered_host,adcp_bottom_track_earth
CP05MOAS-GL340-01-ADCPAM000,recovered_host,adcp_velocity_glider
CP05MOAS-GL340-02-FLORTM000,recovered_host,flort_m_sample
CP05MOAS-GL340-03-CTDGVM000,recovered_host,ctdgv_m_glider_instrument_recovered
CP05MOAS-GL340-04-DOSTAM000,recovered_host,dosta_abcdjm_glider_recovered
CP05MOAS-GL340-05-PARADM000,recovered_host,parad_m_glider_recovered
CP05MOAS-GL374-01-ADCPAM000,recovered_host,adcp_bottom_track_earth
CP05MOAS-GL374-01-ADCPAM000,recovered_host,adcp_velocity_glider
CP05MOAS-GL374-02-FLORTM000,recovered_host,flort_m_sample
CP05MOAS-GL374-03-CTDGVM000,recovered_host,ctdgv_m_glider_instrument_recovered
CP05MOAS-GL374-04-DOSTAM000,recovered_host,dosta_abcdjm_glider_recovered
CP05MOAS-GL374-05-PARADM000,recovered_host,parad_m_glider_recovered
CP05MOAS-GL375-02-FLORTM000,telemetered,flort_m_sample
CP05MOAS-GL375-03-CTDGVM000,telemetered,ctdgv_m_glider_instrument
CP05MOAS-GL375-04-DOSTAM000,telemetered,dosta_abcdjm_glider_instrument
CP05MOAS-GL375-05-PARADM000,telemetered,parad_m_glider_instrument
CP05MOAS-GL376-01-ADCPAM000,recovered_host,adcp_bottom_track_earth
CP05MOAS-GL376-01-ADCPAM000,recovered_host,adcp_velocity_glider
CP05MOAS-GL376-02-FLORTM000,recovered_host,flort_m_sample
CP05MOAS-GL376-03-CTDGVM000,recovered_host,ctdgv_m_glider_instrument_recovered
CP05MOAS-GL376-04-DOSTAM000,recovered_host,dosta_abcdjm_glider_recovered
CP05MOAS-GL376-05-PARADM000,recovered_host,parad_m_glider_recovered
CP05MOAS-GL379-01-ADCPAM000,recovered_host,adcp_bottom_track_earth
CP05MOAS-GL379-01-ADCPAM000,recovered_host,adcp_velocity_glider
CP05MOAS-GL379-02-FLORTM000,recovered_host,flort_m_sample
CP05MOAS-GL379-03-CTDGVM000,recovered_host,ctdgv_m_glider_instrument_recovered
CP05MOAS-GL379-04-DOSTAM000,recovered_host,dosta_abcdjm_glider_recovered
CP05MOAS-GL379-05-PARADM000,recovered_host,parad_m_glider_recovered
CP05MOAS-GL380-01-ADCPAM000,recovered_host,adcp_bottom_track_earth
CP05MOAS-GL380-01-ADCPAM000,recovered_host,adcp_velocity_glider
CP05MOAS-GL380-02-FLORTM000,recovered_host,flort_m_sample
CP05MOAS-GL380-03-CTDGVM000,recovered_host,ctdgv_m_glider_instrument_recovered
CP05MOAS-GL380-04-DOSTAM000,recovered_host,dosta_abcdjm_glider_recovered
CP05MOAS-GL380-05-PARADM000,recovered_host,parad_m_glider_recovered
CP05MOAS-GL387-01-ADCPAM000,recovered_host,adcp_bottom_track_earth
CP05MOAS-GL387-01-ADCPAM000,recovered_host,adcp_velocity_glider
CP05MOAS-GL387-02-FLORTM000,recovered_host,flort_m_sample
CP05MOAS-GL387-03-CTDGVM000,recovered_host,ctdgv_m_glider_instrument_recovered
CP05MOAS-GL387-04-DOSTAM000,recovered_host,dosta_abcdjm_glider_recovered
CP05MOAS-GL387-05-PARADM000,recovered_host,parad_m_glider_recovered
CP05MOAS-GL388-01-ADCPAM000,recovered_host,adcp_bottom_track_earth
CP05MOAS-GL388-01-ADCPAM000,recovered_host,adcp_velocity_glider
CP05MOAS-GL388-02-FLORTM000,recovered_host,flort_m_sample
CP05MOAS-GL388-03-CTDGVM000,recovered_host,ctdgv_m_glider_instrument_recovered
CP05MOAS-GL388-04-DOSTAM000,recovered_host,dosta_abcdjm_glider_recovered
CP05MOAS-GL388-05-PARADM000,recovered_host,parad_m_glider_recovered
CP05MOAS-GL389-01-ADCPAM000,recovered_host,adcp_bottom_track_earth
CP05MOAS-GL389-01-ADCPAM000,recovered_host,adcp_velocity_glider
CP05MOAS-GL389-02-FLORTM000,recovered_host,flort_m_sample
CP05MOAS-GL389-03-CTDGVM000,recovered_host,ctdgv_m_glider_instrument_recovered
CP05MOAS-GL389-04-DOSTAM000,recovered_host,dosta_abcdjm_glider_recovered
CP05MOAS-GL389-05-PARADM000,recovered_host,parad_m_glider_recovered
CP05MOAS-PG564-01-CTDGVM000,recovered_host,ctdgv_m_glider_instrument_recovered
CP05MOAS-PG564-02-DOSTAM000,recovered_host,dosta_abcdjm_glider_recovered
CP05MOAS-PG564-03-FLORTM000,recovered_host,flort_m_sample
CP05MOAS-PG564-04-FLORTO000,recovered_host,flort_o_glider_data
CP05MOAS-PG564-05-NUTNRM000,recovered_host,nutnr_m_glider_instrument
CP05MOAS-PG564-06-PARADM000,recovered_host,parad_m_glider_recovered
CP05MOAS-PG583-01-CTDGVM000,recovered_host,ctdgv_m_glider_instrument_recovered
CP05MOAS-PG583-02-DOSTAM000,recovered_host,dosta_abcdjm_glider_recovered
CP05MOAS-PG583-03-FLORTM000,recovered_host,flort_m_sample
CP05MOAS-PG583-04-FLORTO000,recovered_host,flort_o_glider_data
CP05MOAS-PG583-05-NUTNRM000,recovered_host,nutnr_m_glider_instrument
CP05MOAS-PG583-06-PARADM000,recovered_host,parad_m_glider_recovered
GA01SUMO-RID16-01-OPTAAD000,recovered_host,optaa_dj_dcl_instrument_recovered
GA01SUMO-RID16-02-FLORTD000,recovered_host,flort_sample
GA01SUMO-RID16-03-CTDBPF000,recovered_inst,ctdbp_cdef_instrument_recovered
GA01SUMO-RID16-04-VELPTA000,recovered_host,velpt_ab_dcl_instrument_recovered
GA01SUMO-RID16-05-PCO2WB000,recovered_inst,pco2w_abc_instrument
GA01SUMO-RID16-05-PCO2WB000,recovered_inst,pco2w_abc_instrument_blank
GA01SUMO-RID16-06-DOSTAD000,recovered_host,dosta_abcdjm_dcl_instrument_recovered
GA01SUMO-RID16-07-NUTNRB000,recovered_inst,nutnr_b_dark_instrument_recovered
GA01SUMO-RID16-07-NUTNRB000,recovered_inst,nutnr_b_instrument_recovered
GA01SUMO-RID16-08-SPKIRB000,recovered_host,spkir_abj_dcl_instrument_recovered
GA01SUMO-RII11-02-ADCPSN010,recovered_inst,adcp_velocity_earth
GA01SUMO-RII11-02-CTDBPP031,recovered_inst,ctdbp_cdef_instrument_recovered
GA01SUMO-RII11-02-CTDBPP032,recovered_inst,ctdbp_cdef_instrument_recovered
GA01SUMO-RII11-02-CTDBPP033,recovered_inst,ctdbp_cdef_instrument_recovered
GA01SUMO-RII11-02-CTDMOQ011,recovered_inst,ctdmo_ghqr_instrument_recovered
GA01SUMO-RII11-02-CTDMOQ012,recovered_inst,ctdmo_ghqr_instrument_recovered
GA01SUMO-RII11-02-CTDMOQ013,recovered_inst,ctdmo_ghqr_instrument_recovered
GA01SUMO-RII11-02-CTDMOQ014,recovered_inst,ctdmo_ghqr_instrument_recovered
GA01SUMO-RII11-02-CTDMOQ015,recovered_inst,ctdmo_ghqr_instrument_recovered
GA01SUMO-RII11-02-CTDMOQ016,recovered_inst,ctdmo_ghqr_instrument_recovered
GA01SUMO-RII11-02-CTDMOQ017,recovered_inst,ctdmo_ghqr_instrument_recovered
GA01SUMO-RII11-02-CTDMOQ031,recovered_inst,ctdmo_ghqr_instrument_recovered
GA01SUMO-RII11-02-CTDMOQ033,recovered_inst,ctdmo_ghqr_instrument_recovered
GA01SUMO-RII11-02-CTDMOR018,recovered_inst,ctdmo_ghqr_instrument_recovered
GA01SUMO-RII11-02-CTDMOR019,recovered_inst,ctdmo_ghqr_instrument_recovered
GA01SUMO-RII11-02-CTDMOR020,recovered_inst,ctdmo_ghqr_instrument_recovered
GA01SUMO-RII11-02-DOSTAD031,recovered_host,dosta_abcdjm_ctdbp_p_dcl_instrument_recovered
GA01SUMO-RII11-02-DOSTAD032,recovered_host,dosta_abcdjm_ctdbp_p_dcl_instrument_recovered
GA01SUMO-RII11-02-DOSTAD033,recovered_host,dosta_abcdjm_ctdbp_p_dcl_instrument_recovered
GA01SUMO-RII11-02-FLORDG031,recovered_host,flord_g_ctdbp_p_dcl_instrument_recovered
GA01SUMO-RII11-02-FLORDG032,recovered_host,flord_g_ctdbp_p_dcl_instrument_recovered
GA01SUMO-RII11-02-FLORDG033,recovered_host,flord_g_ctdbp_p_dcl_instrument_recovered
GA01SUMO-RII11-02-PCO2WC051,recovered_inst,pco2w_abc_instrument
GA01SUMO-RII11-02-PCO2WC051,recovered_inst,pco2w_abc_instrument_blank
GA01SUMO-RII11-02-PCO2WC052,recovered_inst,pco2w_abc_instrument
GA01SUMO-RII11-02-PCO2WC052,recovered_inst,pco2w_abc_instrument_blank
GA01SUMO-RII11-02-PCO2WC053,recovered_inst,pco2w_abc_instrument
GA01SUMO-RII11-02-PCO2WC053,recovered_inst,pco2w_abc_instrument_blank
GA01SUMO-RII11-02-PHSENE041,recovered_host,phsen_abcdef_imodem_instrument_recovered
GA01SUMO-RII11-02-PHSENE042,recovered_inst,phsen_abcdef_instrument
GA01SUMO-SBD11-04-DOSTAD000,recovered_host,dosta_abcdjm_dcl_instrument_recovered
GA01SUMO-SBD11-05-SPKIRB000,recovered_host,spkir_abj_dcl_instrument_recovered
GA01SUMO-SBD11-06-METBKA000,recovered_host,metbk_a_dcl_instrument_recovered
GA01SUMO-SBD11-06-METBKA000,recovered_host,metbk_hourly
GA01SUMO-SBD11-08-NUTNRB000,recovered_inst,nutnr_b_dark_instrument_recovered
GA01SUMO-SBD11-08-NUTNRB000,recovered_inst,nutnr_b_instrument_recovered
GA01SUMO-SBD12-01-OPTAAD000,recovered_host,optaa_dj_dcl_instrument_recovered
GA01SUMO-SBD12-02-FLORTD000,recovered_host,flort_sample
GA01SUMO-SBD12-04-PCO2AA000,recovered_host,pco2a_a_dcl_instrument_air_recovered
GA01SUMO-SBD12-04-PCO2AA000,recovered_host,pco2a_a_dcl_instrument_water_recovered
GA01SUMO-SBD12-05-WAVSSA000,recovered_host,wavss_a_dcl_fourier_recovered
GA01SUMO-SBD12-05-WAVSSA000,recovered_host,wavss_a_dcl_mean_directional_recovered
GA01SUMO-SBD12-05-WAVSSA000,recovered_host,wavss_a_dcl_motion_recovered
GA01SUMO-SBD12-05-WAVSSA000,recovered_host,wavss_a_dcl_non_directional_recovered
GA01SUMO-SBD12-05-WAVSSA000,recovered_host,wavss_a_dcl_statistics_recovered
GA01SUMO-SBD12-06-METBKA000,recovered_host,metbk_a_dcl_instrument_recovered
GA01SUMO-SBD12-06-METBKA000,recovered_host,metbk_hourly
GA02HYPM-RIM01-02-CTDMOG039,recovered_inst,ctdmo_ghqr_instrument_recovered
GA02HYPM-WFP02-01-FLORDL000,recovered_wfp,flord_l_wfp_instrument_recovered
GA02HYPM-WFP02-03-DOSTAL000,recovered_wfp,dosta_ln_wfp_instrument_recovered
GA02HYPM-WFP02-04-CTDPFL000,recovered_wfp,ctdpf_ckl_wfp_instrument_recovered
GA02HYPM-WFP02-05-VEL3DL000,recovered_wfp,vel3d_l_wfp_instrument_recovered
GA02HYPM-WFP03-01-FLORDL000,recovered_wfp,flord_l_wfp_instrument_recovered
GA02HYPM-WFP03-03-DOSTAL000,recovered_wfp,dosta_ln_wfp_instrument_recovered
GA02HYPM-WFP03-04-CTDPFL000,recovered_wfp,ctdpf_ckl_wfp_instrument_recovered
GA02HYPM-WFP03-05-VEL3DL000,recovered_wfp,vel3d_l_wfp_instrument_recovered
GA03FLMA-RIM01-02-ADCPSL003,recovered_inst,adcp_velocity_earth
GA03FLMA-RIM01-02-CTDMOG040,recovered_inst,ctdmo_ghqr_instrument_recovered
GA03FLMA-RIM01-02-CTDMOG041,recovered_inst,ctdmo_ghqr_instrument_recovered
GA03FLMA-RIM01-02-CTDMOG042,recovered_inst,ctdmo_ghqr_instrument_recovered
GA03FLMA-RIM01-02-CTDMOG043,recovered_inst,ctdmo_ghqr_instrument_recovered
GA03FLMA-RIM01-02-CTDMOG044,recovered_inst,ctdmo_ghqr_instrument_recovered
GA03FLMA-RIM01-02-CTDMOG045,recovered_inst,ctdmo_ghqr_instrument_recovered
GA03FLMA-RIM01-02-CTDMOG046,recovered_inst,ctdmo_ghqr_instrument_recovered
GA03FLMA-RIM01-02-CTDMOG047,recovered_inst,ctdmo_ghqr_instrument_recovered
GA03FLMA-RIM01-02-CTDMOG048,recovered_inst,ctdmo_ghqr_instrument_recovered
GA03FLMA-RIM01-02-CTDMOH049,recovered_inst,ctdmo_ghqr_instrument_recovered
GA03FLMA-RIM01-02-CTDMOH050,recovered_inst,ctdmo_ghqr_instrument_recovered
GA03FLMA-RIM01-02-CTDMOH051,recovered_inst,ctdmo_ghqr_instrument_recovered
GA03FLMA-RIS01-03-DOSTAD000,recovered_host,dosta_abcdjm_sio_instrument_recovered
GA03FLMA-RIS01-04-PHSENF000,recovered_inst,phsen_abcdef_instrument
GA03FLMA-RIS01-05-FLORTD000,recovered_host,flort_sample
GA03FLMB-RIM01-02-ADCPSL007,recovered_inst,adcp_velocity_earth
GA03FLMB-RIM01-02-CTDMOG060,recovered_inst,ctdmo_ghqr_instrument_recovered
GA03FLMB-RIM01-02-CTDMOG061,recovered_inst,ctdmo_ghqr_instrument_recovered
GA03FLMB-RIM01-02-CTDMOG062,recovered_inst,ctdmo_ghqr_instrument_recovered
GA03FLMB-RIM01-02-CTDMOG063,recovered_inst,ctdmo_ghqr_instrument_recovered
GA03FLMB-RIM01-02-CTDMOG064,recovered_inst,ctdmo_ghqr_instrument_recovered
GA03FLMB-RIM01-02-CTDMOG065,recovered_inst,ctdmo_ghqr_instrument_recovered
GA03FLMB-RIM01-02-CTDMOG066,recovered_inst,ctdmo_ghqr_instrument_recovered
GA03FLMB-RIM01-02-CTDMOG067,recovered_inst,ctdmo_ghqr_instrument_recovered
GA03FLMB-RIM01-02-CTDMOG068,recovered_inst,ctdmo_ghqr_instrument_recovered
GA03FLMB-RIM01-02-CTDMOH069,recovered_inst,ctdmo_ghqr_instrument_recovered
GA03FLMB-RIM01-02-CTDMOH070,recovered_inst,ctdmo_ghqr_instrument_recovered
GA03FLMB-RIM01-02-CTDMOH071,recovered_inst,ctdmo_ghqr_instrument_recovered
GA03FLMB-RIS01-03-DOSTAD000,recovered_host,dosta_abcdjm_sio_instrument_recovered
GA03FLMB-RIS01-04-PHSENF000,recovered_inst,phsen_abcdef_instrument
GA03FLMB-RIS01-05-FLORTD000,recovered_host,flort_sample
GA05MOAS-GL364-01-FLORDM000,telemetered,flord_m_glider_instrument
GA05MOAS-GL364-02-DOSTAM000,telemetered,dosta_abcdjm_glider_instrument
GA05MOAS-GL364-04-CTDGVM000,telemetered,ctdgv_m_glider_instrument
GA05MOAS-GL470-01-FLORDM000,telemetered,flord_m_glider_instrument
GA05MOAS-GL470-02-DOSTAM000,telemetered,dosta_abcdjm_glider_instrument
GA05MOAS-GL470-04-CTDGVM000,telemetered,ctdgv_m_glider_instrument
GA05MOAS-GL493-01-FLORDM000,recovered_host,flord_m_glider_instrument_recovered
GA05MOAS-GL493-02-DOSTAM000,recovered_host,dosta_abcdjm_glider_recovered
GA05MOAS-GL493-04-CTDGVM000,recovered_host,ctdgv_m_glider_instrument_recovered
GA05MOAS-GL494-01-FLORDM000,telemetered,flord_m_glider_instrument
GA05MOAS-GL494-02-DOSTAM000,telemetered,dosta_abcdjm_glider_instrument
GA05MOAS-GL494-04-CTDGVM000,telemetered,ctdgv_m_glider_instrument
GA05MOAS-GL495-01-FLORDM000,telemetered,flord_m_glider_instrument
GA05MOAS-GL495-02-DOSTAM000,telemetered,dosta_abcdjm_glider_instrument
GA05MOAS-GL495-04-CTDGVM000,telemetered,ctdgv_m_glider_instrument
GA05MOAS-GL496-01-FLORDM000,telemetered,flord_m_glider_instrument
GA05MOAS-GL496-02-DOSTAM000,telemetered,dosta_abcdjm_glider_instrument
GA05MOAS-GL496-04-CTDGVM000,telemetered,ctdgv_m_glider_instrument
GA05MOAS-GL538-01-FLORDM000,recovered_host,flord_m_glider_instrument_recovered
GA05MOAS-GL538-02-DOSTAM000,recovered_host,dosta_abcdjm_glider_recovered
GA05MOAS-GL538-04-CTDGVM000,recovered_host,ctdgv_m_glider_instrument_recovered
GA05MOAS-PG562-01-CTDGVM000,telemetered,ctdgv_m_glider_instrument
GA05MOAS-PG562-02-DOSTAM000,telemetered,dosta_abcdjm_glider_instrument
GA05MOAS-PG562-05-NUTNRM000,telemetered,nutnr_m_glider_instrument
GA05MOAS-PG562-06-PARADM000,telemetered,parad_m_glider_instrument
GA05MOAS-PG563-01-CTDGVM000,recovered_host,ctdgv_m_glider_instrument_recovered
GA05MOAS-PG563-02-DOSTAM000,recovered_host,dosta_abcdjm_glider_recovered
GA05MOAS-PG563-03-FLORTM000,recovered_host,flort_m_sample
GA05MOAS-PG563-04-FLORTO000,recovered_host,flort_o_glider_data
GA05MOAS-PG563-05-NUTNRM000,recovered_host,nutnr_m_glider_instrument
GA05MOAS-PG563-06-PARADM000,recovered_host,parad_m_glider_recovered
GA05MOAS-PG578-01-CTDGVM000,telemetered,ctdgv_m_glider_instrument
GA05MOAS-PG578-02-DOSTAM000,telemetered,dosta_abcdjm_glider_instrument
GA05MOAS-PG578-03-FLORTM000,telemetered,flort_m_sample
GA05MOAS-PG578-04-FLORTO000,telemetered,flort_o_glider_data
GA05MOAS-PG578-05-NUTNRM000,telemetered,nutnr_m_glider_instrument
GA05MOAS-PG578-06-PARADM000,telemetered,parad_m_glider_instrument
GA05MOAS-PG580-01-CTDGVM000,recovered_host,ctdgv_m_glider_instrument_recovered
GA05MOAS-PG580-02-DOSTAM000,recovered_host,dosta_abcdjm_glider_recovered
GA05MOAS-PG580-03-FLORTM000,recovered_host,flort_m_sample
GA05MOAS-PG580-04-FLORTO000,recovered_host,flort_o_glider_data
GA05MOAS-PG580-05-NUTNRM000,recovered_host,nutnr_m_glider_instrument
GA05MOAS-PG580-06-PARADM000,recovered_host,parad_m_glider_recovered
GI01SUMO-RID16-01-OPTAAD000,recovered_host,optaa_dj_dcl_instrument_recovered
GI01SUMO-RID16-02-FLORTD000,recovered_host,flort_sample
GI01SUMO-RID16-03-CTDBPF000,recovered_inst,ctdbp_cdef_instrument_recovered
GI01SUMO-RID16-04-VELPTA000,recovered_inst,velpt_ab_instrument_recovered
GI01SUMO-RID16-05-PCO2WB000,recovered_host,pco2w_abc_dcl_instrument_blank_recovered
GI01SUMO-RID16-05-PCO2WB000,recovered_host,pco2w_abc_dcl_instrument_recovered
GI01SUMO-RID16-06-DOSTAD000,recovered_host,dosta_abcdjm_dcl_instrument_recovered
GI01SUMO-RID16-07-NUTNRB000,recovered_inst,nutnr_b_dark_instrument_recovered
GI01SUMO-RID16-07-NUTNRB000,recovered_inst,nutnr_b_instrument_recovered
GI01SUMO-RID16-08-SPKIRB000,recovered_host,spkir_abj_dcl_instrument_recovered
GI01SUMO-RII11-02-ADCPSN010,recovered_inst,adcp_velocity_earth
GI01SUMO-RII11-02-CTDBPP031,recovered_inst,ctdbp_cdef_instrument_recovered
GI01SUMO-RII11-02-CTDBPP032,recovered_inst,ctdbp_cdef_instrument_recovered
GI01SUMO-RII11-02-CTDBPP033,recovered_inst,ctdbp_cdef_instrument_recovered
GI01SUMO-RII11-02-CTDMOQ011,recovered_inst,ctdmo_ghqr_instrument_recovered
GI01SUMO-RII11-02-CTDMOQ012,recovered_inst,ctdmo_ghqr_instrument_recovered
GI01SUMO-RII11-02-CTDMOQ013,recovered_inst,ctdmo_ghqr_instrument_recovered
GI01SUMO-RII11-02-CTDMOQ014,recovered_inst,ctdmo_ghqr_instrument_recovered
GI01SUMO-RII11-02-CTDMOQ015,recovered_inst,ctdmo_ghqr_instrument_recovered
GI01SUMO-RII11-02-CTDMOQ016,recovered_inst,ctdmo_ghqr_instrument_recovered
GI01SUMO-RII11-02-CTDMOQ017,recovered_inst,ctdmo_ghqr_instrument_recovered
GI01SUMO-RII11-02-CTDMOQ031,recovered_inst,ctdmo_ghqr_instrument_recovered
GI01SUMO-RII11-02-CTDMOQ033,recovered_inst,ctdmo_ghqr_instrument_recovered
GI01SUMO-RII11-02-CTDMOR018,recovered_inst,ctdmo_ghqr_instrument_recovered
GI01SUMO-RII11-02-CTDMOR019,recovered_inst,ctdmo_ghqr_instrument_recovered
GI01SUMO-RII11-02-CTDMOR020,recovered_inst,ctdmo_ghqr_instrument_recovered
GI01SUMO-RII11-02-DOSTAD031,recovered_host,dosta_abcdjm_ctdbp_p_dcl_instrument_recovered
GI01SUMO-RII11-02-DOSTAD032,recovered_host,dosta_abcdjm_ctdbp_p_dcl_instrument_recovered
GI01SUMO-RII11-02-DOSTAD033,recovered_host,dosta_abcdjm_ctdbp_p_dcl_instrument_recovered
GI01SUMO-RII11-02-FLORDG031,recovered_host,flord_g_ctdbp_p_dcl_instrument_recovered
GI01SUMO-RII11-02-FLORDG032,recovered_host,flord_g_ctdbp_p_dcl_instrument_recovered
GI01SUMO-RII11-02-FLORDG033,recovered_host,flord_g_ctdbp_p_dcl_instrument_recovered
GI01SUMO-RII11-02-PCO2WC051,recovered_host,pco2w_abc_imodem_instrument_blank_recovered
GI01SUMO-RII11-02-PCO2WC051,recovered_host,pco2w_abc_imodem_instrument_recovered
GI01SUMO-RII11-02-PCO2WC052,recovered_inst,pco2w_abc_instrument
GI01SUMO-RII11-02-PCO2WC052,recovered_inst,pco2w_abc_instrument_blank
GI01SUMO-RII11-02-PCO2WC053,recovered_inst,pco2w_abc_instrument
GI01SUMO-RII11-02-PCO2WC053,recovered_inst,pco2w_abc_instrument_blank
GI01SUMO-RII11-02-PHSENE041,recovered_inst,phsen_abcdef_instrument
GI01SUMO-RII11-02-PHSENE042,recovered_inst,phsen_abcdef_instrument
GI01SUMO-SBD11-04-DOSTAD000,recovered_host,dosta_abcdjm_dcl_instrument_recovered
GI01SUMO-SBD11-05-SPKIRB000,recovered_host,spkir_abj_dcl_instrument_recovered
GI01SUMO-SBD11-06-METBKA000,recovered_host,metbk_a_dcl_instrument_recovered
GI01SUMO-SBD11-06-METBKA000,recovered_host,metbk_hourly
GI01SUMO-SBD11-08-NUTNRB000,recovered_inst,nutnr_b_dark_instrument_recovered
GI01SUMO-SBD11-08-NUTNRB000,recovered_inst,nutnr_b_instrument_recovered
GI01SUMO-SBD12-01-OPTAAD000,recovered_host,optaa_dj_dcl_instrument_recovered
GI01SUMO-SBD12-02-FLORTD000,recovered_host,flort_sample
GI01SUMO-SBD12-04-PCO2AA000,recovered_host,pco2a_a_dcl_instrument_air_recovered
GI01SUMO-SBD12-04-PCO2AA000,recovered_host,pco2a_a_dcl_instrument_water_recovered
GI01SUMO-SBD12-05-WAVSSA000,recovered_host,wavss_a_dcl_fourier_recovered
GI01SUMO-SBD12-05-WAVSSA000,recovered_host,wavss_a_dcl_non_directional_recovered
GI01SUMO-SBD12-05-WAVSSA000,recovered_host,wavss_a_dcl_statistics_recovered
GI01SUMO-SBD12-06-METBKA000,recovered_host,metbk_a_dcl_instrument_recovered
GI01SUMO-SBD12-06-METBKA000,recovered_host,metbk_hourly
GI01SUMO-SBD12-08-FDCHPA000,recovered_inst,fdchp_a_instrument_recovered
GI02HYPM-RIM01-02-CTDMOG039,recovered_inst,ctdmo_ghqr_instrument_recovered
GI02HYPM-WFP02-01-FLORDL000,recovered_wfp,flord_l_wfp_instrument_recovered
GI02HYPM-WFP02-03-DOSTAL000,recovered_wfp,dosta_ln_wfp_instrument_recovered
GI02HYPM-WFP02-04-CTDPFL000,recovered_wfp,ctdpf_ckl_wfp_instrument_recovered
GI02HYPM-WFP02-05-VEL3DL000,recovered_wfp,vel3d_l_wfp_instrument_recovered
GI03FLMA-RI000-00-CTDMOH000,recovered_inst,ctdmo_ghqr_instrument_recovered
GI03FLMA-RI000-00-CTDMOH100,recovered_inst,ctdmo_ghqr_instrument_recovered
GI03FLMA-RI000-00-CTDMOH400,recovered_inst,ctdmo_ghqr_instrument_recovered
GI03FLMA-RI000-00-CTDMOH700,recovered_inst,ctdmo_ghqr_instrument_recovered
GI03FLMA-RI000-00-VELPTB000,recovered_inst,velpt_ab_instrument_recovered
GI03FLMA-RI000-00-VELPTB100,recovered_inst,velpt_ab_instrument_recovered
GI03FLMA-RI000-00-VELPTB400,recovered_inst,velpt_ab_instrument_recovered
GI03FLMA-RI000-00-VELPTB700,recovered_inst,velpt_ab_instrument_recovered
GI03FLMA-RIM01-02-ADCPSL003,recovered_inst,adcp_velocity_earth
GI03FLMA-RIM01-02-CTDMOG040,recovered_inst,ctdmo_ghqr_instrument_recovered
GI03FLMA-RIM01-02-CTDMOG041,recovered_inst,ctdmo_ghqr_instrument_recovered
GI03FLMA-RIM01-02-CTDMOG042,recovered_inst,ctdmo_ghqr_instrument_recovered
GI03FLMA-RIM01-02-CTDMOG043,recovered_inst,ctdmo_ghqr_instrument_recovered
GI03FLMA-RIM01-02-CTDMOG044,recovered_inst,ctdmo_ghqr_instrument_recovered
GI03FLMA-RIM01-02-CTDMOG045,recovered_inst,ctdmo_ghqr_instrument_recovered
GI03FLMA-RIM01-02-CTDMOG046,recovered_inst,ctdmo_ghqr_instrument_recovered
GI03FLMA-RIM01-02-CTDMOG047,recovered_inst,ctdmo_ghqr_instrument_recovered
GI03FLMA-RIM01-02-CTDMOG048,recovered_inst,ctdmo_ghqr_instrument_recovered
GI03FLMA-RIM01-02-CTDMOH049,recovered_inst,ctdmo_ghqr_instrument_recovered
GI03FLMA-RIM01-02-CTDMOH050,recovered_inst,ctdmo_ghqr_instrument_recovered
GI03FLMA-RIM01-02-CTDMOH051,recovered_inst,ctdmo_ghqr_instrument_recovered
GI03FLMA-RIS01-03-DOSTAD000,recovered_host,dosta_abcdjm_sio_instrument_recovered
GI03FLMA-RIS01-04-PHSENF000,recovered_inst,phsen_abcdef_instrument
GI03FLMA-RIS01-05-FLORTD000,recovered_host,flort_sample
GI03FLMB-RI000-00-CTDMOH000,recovered_inst,ctdmo_ghqr_instrument_recovered
GI03FLMB-RI000-00-CTDMOH100,recovered_inst,ctdmo_ghqr_instrument_recovered
GI03FLMB-RI000-00-CTDMOH400,recovered_inst,ctdmo_ghqr_instrument_recovered
GI03FLMB-RI000-00-CTDMOH700,recovered_inst,ctdmo_ghqr_instrument_recovered
GI03FLMB-RI000-00-VELPTB000,recovered_inst,velpt_ab_instrument_recovered
GI03FLMB-RI000-00-VELPTB100,recovered_inst,velpt_ab_instrument_recovered
GI03FLMB-RI000-00-VELPTB400,recovered_inst,velpt_ab_instrument_recovered
GI03FLMB-RI000-00-VELPTB700,recovered_inst,velpt_ab_instrument_recovered
GI03FLMB-RIM01-02-ADCPSL007,recovered_inst,adcp_velocity_earth
GI03FLMB-RIM01-02-CTDMOG060,recovered_inst,ctdmo_ghqr_instrument_recovered
GI03FLMB-RIM01-02-CTDMOG061,recovered_inst,ctdmo_ghqr_instrument_recovered
GI03FLMB-RIM01-02-CTDMOG062,recovered_inst,ctdmo_ghqr_instrument_recovered
GI03FLMB-RIM01-02-CTDMOG063,recovered_inst,ctdmo_ghqr_instrument_recovered
GI03FLMB-RIM01-02-CTDMOG064,recovered_inst,ctdmo_ghqr_instrument_recovered
GI03FLMB-RIM01-02-CTDMOG065,recovered_inst,ctdmo_ghqr_instrument_recovered
GI03FLMB-RIM01-02-CTDMOG066,recovered_inst,ctdmo_ghqr_instrument_recovered
GI03FLMB-RIM01-02-CTDMOG067,recovered_inst,ctdmo_ghqr_instrument_recovered
GI03FLMB-RIM01-02-CTDMOG068,recovered_inst,ctdmo_ghqr_instrument_recovered
GI03FLMB-RIM01-02-CTDMOH069,recovered_inst,ctdmo_ghqr_instrument_recovered
GI03FLMB-RIM01-02-CTDMOH070,recovered_inst,ctdmo_ghqr_instrument_recovered
GI03FLMB-RIM01-02-CTDMOH071,recovered_inst,ctdmo_ghqr_instrument_recovered
GI03FLMB-RIS01-03-DOSTAD000,recovered_host,dosta_abcdjm_sio_instrument_recovered
GI03FLMB-RIS01-04-PHSENF000,recovered_inst,phsen_abcdef_instrument
GI03FLMB-RIS01-05-FLORTD000,recovered_host,flort_sample
GI05MOAS-GL363-01-FLORDM000,telemetered,flord_m_glider_instrument
GI05MOAS-GL363-02-DOSTAM000,telemetered,dosta_abcdjm_glider_instrument
GI05MOAS-GL363-04-CTDGVM000,telemetered,ctdgv_m_glider_instrument
GI05MOAS-GL453-01-FLORDM000,telemetered,flord_m_glider_instrument
GI05MOAS-GL453-02-DOSTAM000,telemetered,dosta_abcdjm_glider_instrument
GI05MOAS-GL453-04-CTDGVM000,telemetered,ctdgv_m_glider_instrument
GI05MOAS-GL469-01-FLORDM000,telemetered,flord_m_glider_instrument
GI05MOAS-GL469-02-DOSTAM000,telemetered,dosta_abcdjm_glider_instrument
GI05MOAS-GL469-04-CTDGVM000,telemetered,ctdgv_m_glider_instrument
GI05MOAS-GL477-01-FLORDM000,telemetered,flord_m_glider_instrument
GI05MOAS-GL477-02-DOSTAM000,telemetered,dosta_abcdjm_glider_instrument
GI05MOAS-GL477-04-CTDGVM000,telemetered,ctdgv_m_glider_instrument
GI05MOAS-GL478-01-FLORDM000,telemetered,flord_m_glider_instrument
GI05MOAS-GL478-02-DOSTAM000,telemetered,dosta_abcdjm_glider_instrument
GI05MOAS-GL478-04-CTDGVM000,telemetered,ctdgv_m_glider_instrument
GI05MOAS-GL484-01-FLORDM000,telemetered,flord_m_glider_instrument
GI05MOAS-GL484-02-DOSTAM000,telemetered,dosta_abcdjm_glider_instrument
GI05MOAS-GL484-04-CTDGVM000,telemetered,ctdgv_m_glider_instrument
GI05MOAS-GL485-01-FLORDM000,telemetered,flord_m_glider_instrument
GI05MOAS-GL485-02-DOSTAM000,telemetered,dosta_abcdjm_glider_instrument
GI05MOAS-GL485-04-CTDGVM000,telemetered,ctdgv_m_glider_instrument
GI05MOAS-GL493-01-FLORDM000,telemetered,flord_m_glider_instrument
GI05MOAS-GL493-02-DOSTAM000,telemetered,dosta_abcdjm_glider_instrument
GI05MOAS-GL493-04-CTDGVM000,telemetered,ctdgv_m_glider_instrument
GI05MOAS-GL495-01-FLORDM000,telemetered,flord_m_glider_instrument
GI05MOAS-GL495-02-DOSTAM000,telemetered,dosta_abcdjm_glider_instrument
GI05MOAS-GL495-04-CTDGVM000,telemetered,ctdgv_m_glider_instrument
GI05MOAS-GL559-01-FLORDM000,recovered_host,flord_m_glider_instrument_recovered
GI05MOAS-GL559-02-DOSTAM000,recovered_host,dosta_abcdjm_glider_recovered
GI05MOAS-GL559-04-CTDGVM000,recovered_host,ctdgv_m_glider_instrument_recovered
GI05MOAS-PG528-01-CTDGVM000,recovered_host,ctdgv_m_glider_instrument_recovered
GI05MOAS-PG528-02-DOSTAM000,recovered_host,dosta_abcdjm_glider_recovered
GI05MOAS-PG528-03-FLORTM000,recovered_host,flort_m_sample
GI05MOAS-PG528-04-FLORTO000,recovered_host,flort_o_glider_data
GI05MOAS-PG528-05-NUTNRM000,recovered_host,nutnr_m_glider_instrument
GI05MOAS-PG528-06-PARADM000,recovered_host,parad_m_glider_recovered
GP02HYPM-RIM01-02-CTDMOG039,recovered_inst,ctdmo_ghqr_instrument_recovered
GP02HYPM-WFP02-01-FLORDL000,recovered_wfp,flord_l_wfp_instrument_recovered
GP02HYPM-WFP02-03-DOSTAL000,recovered_wfp,dosta_ln_wfp_instrument_recovered
GP02HYPM-WFP02-04-CTDPFL000,recovered_wfp,ctdpf_ckl_wfp_instrument_recovered
GP02HYPM-WFP02-05-VEL3DL000,recovered_wfp,vel3d_l_wfp_instrument_recovered
GP02HYPM-WFP03-01-FLORDL000,recovered_wfp,flord_l_wfp_instrument_recovered
GP02HYPM-WFP03-03-DOSTAL000,recovered_wfp,dosta_ln_wfp_instrument_recovered
GP02HYPM-WFP03-04-CTDPFL000,recovered_wfp,ctdpf_ckl_wfp_instrument_recovered
GP02HYPM-WFP03-05-VEL3DL000,recovered_wfp,vel3d_l_wfp_instrument_recovered
GP03FLMA-RIM01-02-ADCPSL003,recovered_inst,adcp_velocity_earth
GP03FLMA-RIM01-02-CTDMOG040,recovered_inst,ctdmo_ghqr_instrument_recovered
GP03FLMA-RIM01-02-CTDMOG041,recovered_inst,ctdmo_ghqr_instrument_recovered
GP03FLMA-RIM01-02-CTDMOG042,recovered_inst,ctdmo_ghqr_instrument_recovered
GP03FLMA-RIM01-02-CTDMOG043,recovered_inst,ctdmo_ghqr_instrument_recovered
GP03FLMA-RIM01-02-CTDMOG044,recovered_inst,ctdmo_ghqr_instrument_recovered
GP03FLMA-RIM01-02-CTDMOG045,recovered_inst,ctdmo_ghqr_instrument_recovered
GP03FLMA-RIM01-02-CTDMOG046,recovered_inst,ctdmo_ghqr_instrument_recovered
GP03FLMA-RIM01-02-CTDMOG047,recovered_inst,ctdmo_ghqr_instrument_recovered
GP03FLMA-RIM01-02-CTDMOG048,recovered_inst,ctdmo_ghqr_instrument_recovered
GP03FLMA-RIM01-02-CTDMOH049,recovered_inst,ctdmo_ghqr_instrument_recovered
GP03FLMA-RIM01-02-CTDMOH050,recovered_inst,ctdmo_ghqr_instrument_recovered
GP03FLMA-RIM01-02-CTDMOH051,recovered_inst,ctdmo_ghqr_instrument_recovered
GP03FLMA-RIS01-03-DOSTAD000,recovered_host,dosta_abcdjm_sio_instrument_recovered
GP03FLMA-RIS01-04-PHSENF000,recovered_inst,phsen_abcdef_instrument
GP03FLMA-RIS01-05-FLORTD000,recovered_host,flort_sample
GP03FLMB-RIM01-02-ADCPSL007,recovered_inst,adcp_velocity_earth
GP03FLMB-RIM01-02-CTDMOG060,recovered_inst,ctdmo_ghqr_instrument_recovered
GP03FLMB-RIM01-02-CTDMOG061,recovered_inst,ctdmo_ghqr_instrument_recovered
GP03FLMB-RIM01-02-CTDMOG062,recovered_inst,ctdmo_ghqr_instrument_recovered
GP03FLMB-RIM01-02-CTDMOG063,recovered_inst,ctdmo_ghqr_instrument_recovered
GP03FLMB-RIM01-02-CTDMOG064,recovered_inst,ctdmo_ghqr_instrument_recovered
GP03FLMB-RIM01-02-CTDMOG065,recovered_inst,ctdmo_ghqr_instrument_recovered
GP03FLMB-RIM01-02-CTDMOG066,recovered_inst,ctdmo_ghqr_instrument_recovered
GP03FLMB-RIM01-02-CTDMOG067,recovered_inst,ctdmo_ghqr_instrument_recovered
GP03FLMB-RIM01-02-CTDMOG068,recovered_inst,ctdmo_ghqr_instrument_recovered
GP03FLMB-RIM01-02-CTDMOH069,recovered_inst,ctdmo_ghqr_instrument_recovered
GP03FLMB-RIM01-02-CTDMOH070,recovered_inst,ctdmo_ghqr_instrument_recovered
GP03FLMB-RIM01-02-CTDMOH071,recovered_inst,ctdmo_ghqr_instrument_recovered
GP03FLMB-RIS01-03-DOSTAD000,recovered_host,dosta_abcdjm_sio_instrument_recovered
GP03FLMB-RIS01-04-PHSENF000,recovered_inst,phsen_abcdef_instrument
GP03FLMB-RIS01-05-FLORTD000,recovered_host,flort_sample
GP05MOAS-GL276-02-DOSTAM000,recovered_host,dosta_abcdjm_glider_recovered
GP05MOAS-GL276-04-CTDGVM000,recovered_host,ctdgv_m_glider_instrument_recovered
GP05MOAS-GL361-01-FLORDM000,telemetered,flord_m_glider_instrument
GP05MOAS-GL361-02-DOSTAM000,telemetered,dosta_abcdjm_glider_instrument
GP05MOAS-GL361-04-CTDGVM000,telemetered,ctdgv_m_glider_instrument
GP05MOAS-GL362-01-FLORDM000,telemetered,flord_m_glider_instrument
GP05MOAS-GL362-02-DOSTAM000,telemetered,dosta_abcdjm_glider_instrument
GP05MOAS-GL362-04-CTDGVM000,telemetered,ctdgv_m_glider_instrument
GP05MOAS-GL363-01-FLORDM000,recovered_host,flord_m_glider_instrument_recovered
GP05MOAS-GL363-02-DOSTAM000,recovered_host,dosta_abcdjm_glider_recovered
GP05MOAS-GL363-04-CTDGVM000,recovered_host,ctdgv_m_glider_instrument_recovered
GP05MOAS-GL364-01-FLORDM000,recovered_host,flord_m_glider_instrument_recovered
GP05MOAS-GL364-02-DOSTAM000,recovered_host,dosta_abcdjm_glider_recovered
GP05MOAS-GL364-04-CTDGVM000,recovered_host,ctdgv_m_glider_instrument_recovered
GP05MOAS-GL365-01-FLORDM000,recovered_host,flord_m_glider_instrument_recovered
GP05MOAS-GL365-02-DOSTAM000,recovered_host,dosta_abcdjm_glider_recovered
GP05MOAS-GL365-04-CTDGVM000,recovered_host,ctdgv_m_glider_instrument_recovered
GP05MOAS-GL453-01-FLORDM000,telemetered,flord_m_glider_instrument
GP05MOAS-GL453-02-DOSTAM000,telemetered,dosta_abcdjm_glider_instrument
GP05MOAS-GL453-04-CTDGVM000,telemetered,ctdgv_m_glider_instrument
GP05MOAS-GL469-01-FLORDM000,telemetered,flord_m_glider_instrument
GP05MOAS-GL469-02-DOSTAM000,telemetered,dosta_abcdjm_glider_instrument
GP05MOAS-GL469-04-CTDGVM000,telemetered,ctdgv_m_glider_instrument
GP05MOAS-GL523-01-FLORDM000,recovered_host,flord_m_glider_instrument_recovered
GP05MOAS-GL523-02-DOSTAM000,recovered_host,dosta_abcdjm_glider_recovered
GP05MOAS-GL523-04-CTDGVM000,recovered_host,ctdgv_m_glider_instrument_recovered
GP05MOAS-GL525-01-FLORDM000,recovered_host,flord_m_glider_instrument_recovered
GP05MOAS-GL525-02-DOSTAM000,recovered_host,dosta_abcdjm_glider_recovered
GP05MOAS-GL525-04-CTDGVM000,recovered_host,ctdgv_m_glider_instrument_recovered
GP05MOAS-GL537-01-FLORDM000,recovered_host,flord_m_glider_instrument_recovered
GP05MOAS-GL537-02-DOSTAM000,recovered_host,dosta_abcdjm_glider_recovered
GP05MOAS-GL537-04-CTDGVM000,recovered_host,ctdgv_m_glider_instrument_recovered
GP05MOAS-PG514-01-CTDGVM000,recovered_host,ctdgv_m_glider_instrument_recovered
GP05MOAS-PG514-02-DOSTAM000,recovered_host,dosta_abcdjm_glider_recovered
GP05MOAS-PG514-05-NUTNRM000,telemetered,nutnr_m_glider_instrument
GP05MOAS-PG515-01-CTDGVM000,recovered_host,ctdgv_m_glider_instrument_recovered
GP05MOAS-PG515-04-FLORTO000,telemetered,flort_o_glider_data
GP05MOAS-PG515-06-PARADM000,recovered_host,parad_m_glider_recovered
GP05MOAS-PG575-01-CTDGVM000,recovered_host,ctdgv_m_glider_instrument_recovered
GP05MOAS-PG575-02-DOSTAM000,recovered_host,dosta_abcdjm_glider_recovered
GP05MOAS-PG575-03-FLORTM000,recovered_host,flort_m_sample
GP05MOAS-PG575-04-FLORTO000,recovered_host,flort_o_glider_data
GP05MOAS-PG575-05-NUTNRM000,recovered_host,nutnr_m_glider_instrument
GP05MOAS-PG575-06-PARADM000,recovered_host,parad_m_glider_recovered
GS01SUMO-RID16-01-OPTAAD000,recovered_host,optaa_dj_dcl_instrument_recovered
GS01SUMO-RID16-02-FLORTD000,recovered_host,flort_sample
GS01SUMO-RID16-03-CTDBPF000,recovered_inst,ctdbp_cdef_instrument_recovered
GS01SUMO-RID16-04-VELPTA000,recovered_host,velpt_ab_dcl_instrument_recovered
GS01SUMO-RID16-05-PCO2WB000,recovered_host,pco2w_abc_dcl_instrument_blank_recovered
GS01SUMO-RID16-05-PCO2WB000,recovered_host,pco2w_abc_dcl_instrument_recovered
GS01SUMO-RID16-06-DOSTAD000,recovered_host,dosta_abcdjm_dcl_instrument_recovered
GS01SUMO-RID16-07-NUTNRB000,recovered_inst,nutnr_b_dark_instrument_recovered
GS01SUMO-RID16-07-NUTNRB000,recovered_inst,nutnr_b_instrument_recovered
GS01SUMO-RID16-08-SPKIRB000,recovered_host,spkir_abj_dcl_instrument_recovered
GS01SUMO-RII11-02-ADCPSN010,recovered_inst,adcp_velocity_earth
GS01SUMO-RII11-02-CTDBPP031,recovered_host,ctdbp_p_dcl_instrument_recovered
GS01SUMO-RII11-02-CTDBPP032,recovered_inst,ctdbp_cdef_instrument_recovered
GS01SUMO-RII11-02-CTDBPP033,recovered_inst,ctdbp_cdef_instrument_recovered
GS01SUMO-RII11-02-CTDMOQ011,recovered_inst,ctdmo_ghqr_instrument_recovered
GS01SUMO-RII11-02-CTDMOQ012,recovered_inst,ctdmo_ghqr_instrument_recovered
GS01SUMO-RII11-02-CTDMOQ013,recovered_inst,ctdmo_ghqr_instrument_recovered
GS01SUMO-RII11-02-CTDMOQ014,recovered_inst,ctdmo_ghqr_instrument_recovered
GS01SUMO-RII11-02-CTDMOQ015,recovered_inst,ctdmo_ghqr_instrument_recovered
GS01SUMO-RII11-02-CTDMOQ016,recovered_inst,ctdmo_ghqr_instrument_recovered
GS01SUMO-RII11-02-CTDMOQ017,recovered_inst,ctdmo_ghqr_instrument_recovered
GS01SUMO-RII11-02-CTDMOQ031,recovered_inst,ctdmo_ghqr_instrument_recovered
GS01SUMO-RII11-02-CTDMOQ033,recovered_inst,ctdmo_ghqr_instrument_recovered
GS01SUMO-RII11-02-CTDMOR018,recovered_inst,ctdmo_ghqr_instrument_recovered
GS01SUMO-RII11-02-CTDMOR019,recovered_inst,ctdmo_ghqr_instrument_recovered
GS01SUMO-RII11-02-CTDMOR020,recovered_inst,ctdmo_ghqr_instrument_recovered
GS01SUMO-RII11-02-DOSTAD031,recovered_host,dosta_abcdjm_ctdbp_p_dcl_instrument_recovered
GS01SUMO-RII11-02-DOSTAD032,recovered_host,dosta_abcdjm_ctdbp_p_dcl_instrument_recovered
GS01SUMO-RII11-02-DOSTAD033,recovered_host,dosta_abcdjm_ctdbp_p_dcl_instrument_recovered
GS01SUMO-RII11-02-FLORDG031,recovered_host,flord_g_ctdbp_p_dcl_instrument_recovered
GS01SUMO-RII11-02-FLORDG032,recovered_host,flord_g_ctdbp_p_dcl_instrument_recovered
GS01SUMO-RII11-02-FLORDG033,recovered_host,flord_g_ctdbp_p_dcl_instrument_recovered
GS01SUMO-RII11-02-PCO2WC051,recovered_host,pco2w_abc_imodem_instrument_blank_recovered
GS01SUMO-RII11-02-PCO2WC051,recovered_host,pco2w_abc_imodem_instrument_recovered
GS01SUMO-RII11-02-PCO2WC052,recovered_host,pco2w_abc_imodem_instrument_blank_recovered
GS01SUMO-RII11-02-PCO2WC052,recovered_host,pco2w_abc_imodem_instrument_recovered
GS01SUMO-RII11-02-PCO2WC053,recovered_host,pco2w_abc_imodem_instrument_blank_recovered
GS01SUMO-RII11-02-PCO2WC053,recovered_host,pco2w_abc_imodem_instrument_recovered
GS01SUMO-RII11-02-PHSENE041,recovered_inst,phsen_abcdef_instrument
GS01SUMO-RII11-02-PHSENE042,recovered_inst,phsen_abcdef_instrument
GS01SUMO-SBD11-04-DOSTAD000,recovered_host,dosta_abcdjm_dcl_instrument_recovered
GS01SUMO-SBD11-05-SPKIRB000,recovered_host,spkir_abj_dcl_instrument_recovered
GS01SUMO-SBD11-06-METBKA000,recovered_host,metbk_a_dcl_instrument_recovered
GS01SUMO-SBD11-06-METBKA000,recovered_host,metbk_hourly
GS01SUMO-SBD11-08-NUTNRB000,recovered_inst,nutnr_b_dark_instrument_recovered
GS01SUMO-SBD11-08-NUTNRB000,recovered_inst,nutnr_b_instrument_recovered
GS01SUMO-SBD12-01-OPTAAD000,recovered_host,optaa_dj_dcl_instrument_recovered
GS01SUMO-SBD12-02-FLORTD000,recovered_host,flort_sample
GS01SUMO-SBD12-04-PCO2AA000,recovered_host,pco2a_a_dcl_instrument_air_recovered
GS01SUMO-SBD12-04-PCO2AA000,recovered_host,pco2a_a_dcl_instrument_water_recovered
GS01SUMO-SBD12-05-WAVSSA000,recovered_host,wavss_a_dcl_fourier_recovered
GS01SUMO-SBD12-05-WAVSSA000,recovered_host,wavss_a_dcl_mean_directional_recovered
GS01SUMO-SBD12-05-WAVSSA000,recovered_host,wavss_a_dcl_motion_recovered
GS01SUMO-SBD12-05-WAVSSA000,recovered_host,wavss_a_dcl_non_directional_recovered
GS01SUMO-SBD12-05-WAVSSA000,recovered_host,wavss_a_dcl_statistics_recovered
GS01SUMO-SBD12-06-METBKA000,recovered_host,metbk_a_dcl_instrument_recovered
GS01SUMO-SBD12-06-METBKA000,recovered_host,metbk_hourly
GS01SUMO-SBD12-08-FDCHPA000,recovered_inst,fdchp_a_instrument_recovered
GS02HYPM-RIM01-02-CTDMOG039,recovered_inst,ctdmo_ghqr_instrument_recovered
GS02HYPM-WFP02-01-FLORDL000,recovered_wfp,flord_l_wfp_instrument_recovered
GS02HYPM-WFP02-03-DOSTAL000,recovered_wfp,dosta_ln_wfp_instrument_recovered
GS02HYPM-WFP02-04-CTDPFL000,recovered_wfp,ctdpf_ckl_wfp_instrument_recovered
GS02HYPM-WFP02-05-VEL3DL000,recovered_wfp,vel3d_l_wfp_instrument_recovered
GS02HYPM-WFP03-01-FLORDL000,recovered_wfp,flord_l_wfp_instrument_recovered
GS02HYPM-WFP03-03-DOSTAL000,recovered_wfp,dosta_ln_wfp_instrument_recovered
GS02HYPM-WFP03-04-CTDPFL000,recovered_wfp,ctdpf_ckl_wfp_instrument_recovered
GS02HYPM-WFP03-05-VEL3DL000,recovered_wfp,vel3d_l_wfp_instrument_recovered
GS03FLMA-RIM01-02-ADCPSL003,recovered_inst,adcp_velocity_earth
GS03FLMA-RIM01-02-CTDMOG040,recovered_inst,ctdmo_ghqr_instrument_recovered
GS03FLMA-RIM01-02-CTDMOG041,recovered_inst,ctdmo_ghqr_instrument_recovered
GS03FLMA-RIM01-02-CTDMOG042,recovered_inst,ctdmo_ghqr_instrument_recovered
GS03FLMA-RIM01-02-CTDMOG043,recovered_inst,ctdmo_ghqr_instrument_recovered
GS03FLMA-RIM01-02-CTDMOG044,recovered_inst,ctdmo_ghqr_instrument_recovered
GS03FLMA-RIM01-02-CTDMOG045,recovered_inst,ctdmo_ghqr_instrument_recovered
GS03FLMA-RIM01-02-CTDMOG046,recovered_inst,ctdmo_ghqr_instrument_recovered
GS03FLMA-RIM01-02-CTDMOG047,recovered_inst,ctdmo_ghqr_instrument_recovered
GS03FLMA-RIM01-02-CTDMOG048,recovered_inst,ctdmo_ghqr_instrument_recovered
GS03FLMA-RIM01-02-CTDMOH049,recovered_inst,ctdmo_ghqr_instrument_recovered
GS03FLMA-RIM01-02-CTDMOH050,recovered_inst,ctdmo_ghqr_instrument_recovered
GS03FLMA-RIM01-02-CTDMOH051,recovered_inst,ctdmo_ghqr_instrument_recovered
GS03FLMA-RIS01-03-DOSTAD000,recovered_host,dosta_abcdjm_sio_instrument_recovered
GS03FLMA-RIS01-04-PHSENF000,recovered_inst,phsen_abcdef_instrument
GS03FLMA-RIS01-05-FLORTD000,recovered_host,flort_sample
GS03FLMB-RIM01-02-ADCPSL007,recovered_inst,adcp_velocity_earth
GS03FLMB-RIM01-02-CTDMOG060,recovered_inst,ctdmo_ghqr_instrument_recovered
GS03FLMB-RIM01-02-CTDMOG061,recovered_inst,ctdmo_ghqr_instrument_recovered
GS03FLMB-RIM01-02-CTDMOG062,recovered_inst,ctdmo_ghqr_instrument_recovered
GS03FLMB-RIM01-02-CTDMOG063,recovered_inst,ctdmo_ghqr_instrument_recovered
GS03FLMB-RIM01-02-CTDMOG064,recovered_inst,ctdmo_ghqr_instrument_recovered
GS03FLMB-RIM01-02-CTDMOG065,recovered_inst,ctdmo_ghqr_instrument_recovered
GS03FLMB-RIM01-02-CTDMOG066,recovered_inst,ctdmo_ghqr_instrument_recovered
GS03FLMB-RIM01-02-CTDMOG067,recovered_inst,ctdmo_ghqr_instrument_recovered
GS03FLMB-RIM01-02-CTDMOG068,recovered_inst,ctdmo_ghqr_instrument_recovered
GS03FLMB-RIM01-02-CTDMOH069,recovered_inst,ctdmo_ghqr_instrument_recovered
GS03FLMB-RIM01-02-CTDMOH070,recovered_inst,ctdmo_ghqr_instrument_recovered
GS03FLMB-RIM01-02-CTDMOH071,recovered_inst,ctdmo_ghqr_instrument_recovered
GS03FLMB-RIS01-03-DOSTAD000,recovered_host,dosta_abcdjm_sio_instrument_recovered
GS03FLMB-RIS01-04-PHSENF000,recovered_inst,phsen_abcdef_instrument
GS03FLMB-RIS01-05-FLORTD000,recovered_host,flort_sample
GS05MOAS-GL484-01-FLORDM000,telemetered,flord_m_glider_instrument
GS05MOAS-GL484-02-DOSTAM000,telemetered,dosta_abcdjm_glider_instrument
GS05MOAS-GL484-04-CTDGVM000,telemetered,ctdgv_m_glider_instrument
GS05MOAS-GL485-01-FLORDM000,telemetered,flord_m_glider_instrument
GS05MOAS-GL485-02-DOSTAM000,telemetered,dosta_abcdjm_glider_instrument
GS05MOAS-GL485-04-CTDGVM000,telemetered,ctdgv_m_glider_instrument
GS05MOAS-GL486-01-FLORDM000,recovered_host,flord_m_glider_instrument_recovered
GS05MOAS-GL486-02-DOSTAM000,recovered_host,dosta_abcdjm_glider_recovered
GS05MOAS-GL486-04-CTDGVM000,recovered_host,ctdgv_m_glider_instrument_recovered
GS05MOAS-GL524-01-FLORDM000,telemetered,flord_m_glider_instrument
GS05MOAS-GL524-02-DOSTAM000,telemetered,dosta_abcdjm_glider_instrument
GS05MOAS-GL524-04-CTDGVM000,telemetered,ctdgv_m_glider_instrument
GS05MOAS-GL560-01-FLORDM000,recovered_host,flord_m_glider_instrument_recovered
GS05MOAS-GL560-02-DOSTAM000,recovered_host,dosta_abcdjm_glider_recovered
GS05MOAS-GL560-04-CTDGVM000,recovered_host,ctdgv_m_glider_instrument_recovered
GS05MOAS-GL561-01-FLORDM000,telemetered,flord_m_glider_instrument
GS05MOAS-GL561-02-DOSTAM000,telemetered,dosta_abcdjm_glider_instrument
GS05MOAS-GL561-04-CTDGVM000,telemetered,ctdgv_m_glider_instrument
GS05MOAS-PG565-01-CTDGVM000,recovered_host,ctdgv_m_glider_instrument_recovered
GS05MOAS-PG565-02-DOSTAM000,recovered_host,dosta_abcdjm_glider_recovered
GS05MOAS-PG565-03-FLORTM000,recovered_host,flort_m_sample
GS05MOAS-PG565-04-FLORTO000,recovered_host,flort_o_glider_data
GS05MOAS-PG565-05-NUTNRM000,recovered_host,nutnr_m_glider_instrument
GS05MOAS-PG565-06-PARADM000,recovered_host,parad_m_glider_recovered
GS05MOAS-PG566-01-CTDGVM000,recovered_host,ctdgv_m_glider_instrument_recovered
GS05MOAS-PG566-02-DOSTAM000,recovered_host,dosta_abcdjm_glider_recovered
GS05MOAS-PG566-03-FLORTM000,recovered_host,flort_m_sample
GS05MOAS-PG566-04-FLORTO000,recovered_host,flort_o_glider_data
GS05MOAS-PG566-05-NUTNRM000,recovered_host,nutnr_m_glider_instrument
GS05MOAS-PG566-06-PARADM000,recovered_host,parad_m_glider_recovered
RS01SBPD-DP01A-01-CTDPFL104,recovered_inst,dpc_ctd_instrument_recovered
RS01SBPD-DP01A-02-VEL3DA103,recovered_inst,dpc_acm_instrument_recovered
RS01SBPD-DP01A-06-DOSTAD104,recovered_inst,dpc_optode_instrument_recovered
RS01SBPS-PC01A-05-ADCPTD102,streamed,adcp_velocity_beam
RS01SBPS-PC01A-06-VADCPA101,streamed,vadcp_velocity_beam
RS01SBPS-PC01A-06-VADCPA101,streamed,vadcp_velocity_beam_5
RS01SBPS-PC01A-4A-CTDPFA103,streamed,ctdpf_optode_sample
RS01SBPS-PC01A-4B-PHSENA102,streamed,phsen_data_record
RS01SBPS-PC01A-4C-FLORDD103,streamed,flort_d_data_record
RS01SBPS-SF01A-2A-CTDPFA102,streamed,ctdpf_sbe43_sample
RS01SBPS-SF01A-2D-PHSENA101,streamed,phsen_data_record
RS01SBPS-SF01A-3A-FLORTD101,streamed,flort_d_data_record
RS01SBPS-SF01A-3B-OPTAAD101,streamed,optaa_sample
RS01SBPS-SF01A-3C-PARADA101,streamed,parad_sa_sample
RS01SBPS-SF01A-3D-SPKIRA101,streamed,spkir_data_record
RS01SBPS-SF01A-4A-NUTNRA101,streamed,nutnr_a_dark_sample
RS01SBPS-SF01A-4A-NUTNRA101,streamed,nutnr_a_sample
RS01SBPS-SF01A-4B-VELPTD102,streamed,velpt_velocity_data
RS01SBPS-SF01A-4F-PCO2WA101,streamed,pco2w_a_sami_data_record
RS01SBPS-SF01A-4F-PCO2WA101,streamed,pco2w_a_sami_data_record_cal
RS01SLBS-LJ01A-05-HPIESA101,streamed,echo_sounding
RS01SLBS-LJ01A-05-HPIESA101,streamed,horizontal_electric_field
RS01SLBS-LJ01A-05-HPIESA101,streamed,hpies_data_header
RS01SLBS-LJ01A-10-ADCPTE101,streamed,adcp_velocity_beam
RS01SLBS-LJ01A-11-OPTAAC103,streamed,optaa_sample
RS01SLBS-LJ01A-12-CTDPFB101,streamed,ctdpf_optode_sample
RS01SLBS-MJ01A-06-PRESTA101,streamed,prest_real_time
RS01SLBS-MJ01A-12-VEL3DB101,streamed,vel3d_b_sample
RS01SUM1-LJ01B-09-PRESTB102,streamed,prest_real_time
RS01SUM1-LJ01B-12-VEL3DB104,streamed,vel3d_b_sample
RS01SUM2-MJ01B-12-ADCPSK101,streamed,adcp_velocity_beam
RS03ASHS-MJ03B-07-TMPSFA301,streamed,tmpsf_sample
RS03ASHS-MJ03B-09-BOTPTA304,streamed,botpt_heat_sample
RS03ASHS-MJ03B-09-BOTPTA304,streamed,botpt_iris_sample
RS03ASHS-MJ03B-09-BOTPTA304,streamed,botpt_lily_sample
RS03ASHS-MJ03B-09-BOTPTA304,streamed,botpt_nano_sample
RS03ASHS-MJ03B-09-BOTPTA304,streamed,botpt_nano_sample_15s
RS03ASHS-MJ03B-09-BOTPTA304,streamed,botpt_nano_sample_24hr
RS03ASHS-MJ03B-10-CTDPFB304,streamed,ctdpf_optode_sample
RS03AXBS-LJ03A-05-HPIESA301,streamed,echo_sounding
RS03AXBS-LJ03A-05-HPIESA301,streamed,horizontal_electric_field
RS03AXBS-LJ03A-05-HPIESA301,streamed,hpies_data_header
RS03AXBS-LJ03A-10-ADCPTE303,streamed,adcp_velocity_beam
RS03AXBS-LJ03A-11-OPTAAC303,streamed,optaa_sample
RS03AXBS-LJ03A-12-CTDPFB301,streamed,ctdpf_optode_sample
RS03AXBS-MJ03A-06-PRESTA301,streamed,prest_real_time
RS03AXBS-MJ03A-12-VEL3DB301,streamed,vel3d_b_sample
RS03AXPD-DP03A-01-CTDPFL304,recovered_inst,dpc_ctd_instrument_recovered
RS03AXPD-DP03A-02-VEL3DA303,recovered_inst,dpc_acm_instrument_recovered
RS03AXPD-DP03A-03-FLCDRA302,recovered_inst,dpc_flcdrtd_instrument_recovered
RS03AXPD-DP03A-03-FLNTUA302,recovered_inst,dpc_flnturtd_instrument_recovered
RS03AXPD-DP03A-06-DOSTAD304,recovered_inst,dpc_optode_instrument_recovered
RS03AXPS-PC03A-05-ADCPTD302,streamed,adcp_velocity_beam
RS03AXPS-PC03A-06-VADCPA301,streamed,vadcp_velocity_beam
RS03AXPS-PC03A-06-VADCPA301,streamed,vadcp_velocity_beam_5
RS03AXPS-PC03A-4A-CTDPFA303,streamed,ctdpf_optode_sample
RS03AXPS-PC03A-4B-PHSENA302,streamed,phsen_data_record
RS03AXPS-PC03A-4C-FLORDD303,streamed,flort_d_data_record
RS03AXPS-SF03A-2A-CTDPFA302,streamed,ctdpf_sbe43_sample
RS03AXPS-SF03A-2D-PHSENA301,streamed,phsen_data_record
RS03AXPS-SF03A-3A-FLORTD301,streamed,flort_d_data_record
RS03AXPS-SF03A-3B-OPTAAD301,streamed,optaa_sample
RS03AXPS-SF03A-3C-PARADA301,streamed,parad_sa_sample
RS03AXPS-SF03A-3D-SPKIRA301,streamed,spkir_data_record
RS03AXPS-SF03A-4A-NUTNRA301,streamed,nutnr_a_dark_sample
RS03AXPS-SF03A-4A-NUTNRA301,streamed,nutnr_a_sample
RS03AXPS-SF03A-4B-VELPTD302,streamed,velpt_velocity_data
RS03AXPS-SF03A-4F-PCO2WA301,streamed,pco2w_a_sami_data_record
RS03AXPS-SF03A-4F-PCO2WA301,streamed,pco2w_a_sami_data_record_cal
RS03CCAL-MJ03F-05-BOTPTA301,streamed,botpt_heat_sample
RS03CCAL-MJ03F-05-BOTPTA301,streamed,botpt_iris_sample
RS03CCAL-MJ03F-05-BOTPTA301,streamed,botpt_lily_sample
RS03CCAL-MJ03F-05-BOTPTA301,streamed,botpt_nano_sample
RS03CCAL-MJ03F-05-BOTPTA301,streamed,botpt_nano_sample_15s
RS03CCAL-MJ03F-05-BOTPTA301,streamed,botpt_nano_sample_24hr
RS03ECAL-MJ03E-06-BOTPTA302,streamed,botpt_heat_sample
RS03ECAL-MJ03E-06-BOTPTA302,streamed,botpt_iris_sample
RS03ECAL-MJ03E-06-BOTPTA302,streamed,botpt_lily_sample
RS03ECAL-MJ03E-06-BOTPTA302,streamed,botpt_nano_sample
RS03ECAL-MJ03E-06-BOTPTA302,streamed,botpt_nano_sample_15s
RS03ECAL-MJ03E-06-BOTPTA302,streamed,botpt_nano_sample_24hr
RS03INT1-MJ03C-07-D1000A301,streamed,d1000_sample
RS03INT1-MJ03C-09-THSPHA301,streamed,thsph_sample
RS03INT1-MJ03C-10-TRHPHA301,streamed,trhph_sample
RS03INT2-MJ03D-06-BOTPTA303,streamed,botpt_heat_sample
RS03INT2-MJ03D-06-BOTPTA303,streamed,botpt_iris_sample
RS03INT2-MJ03D-06-BOTPTA303,streamed,botpt_lily_sample
RS03INT2-MJ03D-06-BOTPTA303,streamed,botpt_nano_sample
RS03INT2-MJ03D-06-BOTPTA303,streamed,botpt_nano_sample_15s
RS03INT2-MJ03D-06-BOTPTA303,streamed,botpt_nano_sample_24hr
RS03INT2-MJ03D-12-VEL3DB304,streamed,vel3d_b_sample